,1,,,2
143125,243.3684235,,144757,187.7894745
143426,241.1789398,,144850,186.7789459
143526,240.5894623,,145050,189.2210693
143727,238.6526337,,145150,189.0526276
143827,240.6736908,,145351,188.3789368
144027,241.6842041,,145451,188.2105408
144128,242.5263214,,145651,188.7157745
144328,241.4315948,,145751,187.957901
144428,242.7789612,,145852,188.8842163
144629,239.6631622,,146052,188.5473785
144729,237.2210388,,146152,187.7894745
144929,239.4947357,,146352,188.5473785
145030,243.621048,,146653,188.8842163
145230,243.7052612,,146753,187.3684082
145331,243.621048,,146834,toTop1
145531,243.4526367,,146853,187.2842102
145631,241.5999908,,147054,187.705246
145831,242.6947327,,147154,188.8000031
145932,243.1999969,,147354,188.1263123
146132,243.2841949,,147455,189.1368408
146253,241.6842041,,147655,190.2315826
146433,241.5157928,,147755,189.9789429
146534,242.4421082,,147956,190.3157959
146744,240.3368378,,148056,190.6526337
146834,toTop1,,148156,190.4842072
146834,240.9263,,148357,190.8210602
147034,240.2526245,,148469,190.1473694
147138,241.5157928,,148658,191.5789642
147335,241.1789398,,148758,188.042099
147437,243.3684235,,148958,184.2526245
147635,242.7789612,,149058,114.1894836
147836,245.6420898,,149158,39.24211121
147936,246.7368469,,149359,37.55789185
148137,247.578949,,149461,37.6421051
148237,246.2315826,,149660,150.8210602
148437,239.9157715,,149760,189.2210693
148546,211.7052612,,149960,188.9684143
148738,58.86315918,,150161,188.6315765
148838,54.3157959,,150363,189.1368408
149039,115.4526367,,150463,188.5473785
149139,74.3578949,,150663,187.705246
149340,55.41052246,,150765,187.621048
149642,205.8947296,,150847,toTop2
149744,238.4000092,,150966,188.2105408
149944,243.9578857,,151267,188.1263123
150046,243.3684235,,151370,188.3789368
150345,243.8736877,,151471,190.1473694
150546,241.2631531,,151670,190.0631409
150661,240.5052643,,151771,190.3999939
150847,toTop2,,152072,190.0631409
150847,240.8421021,,152273,190.5684357
151147,241.6842041,,152373,189.7263031
151256,242.9473572,,152474,187.0315704
151448,242.5263214,,152674,174.4000092
151554,243.5368347,,152774,75.03158569
151749,245.3052521,,152975,37.05262756
151857,247.494751,,153075,38.82106018
152050,246.7368469,,153275,128.0842133
152160,241.4315948,,153375,187.705246
152350,163.8736877,,153476,190.2315826
152551,53.38948059,,153676,190.0631409
152751,83.03158569,,153776,188.8842163
152851,61.30526733,,154077,188.042099
153052,46.23158264,,154278,187.705246
153152,90.3578949,,154378,187.3684082
153353,205.2210388,,154478,188.042099
153453,237.1368408,,154464,toTop3
153653,243.5368347,,154679,188.2105408
153754,243.7052612,,154979,189.7263031
153854,243.4526367,,155083,189.1368408
153972,242.6105194,,155380,190.3999939
154163,240.0842285,,155581,191.4105225
154293,239.7473755,,155681,190.5684357
154464,238.8210602,,155782,190.9894714
154464,toTop3,,155982,190.8210602
154665,239.9157715,,156086,187.0315704
154865,240.9263,,156284,184.2526245
154965,242.3578949,,156384,78.82106018
155165,243.2841949,,156584,38.73684692
155265,243.4526367,,156685,39.15789795
155466,244.7157898,,156885,59.36842346
155566,245.7263184,,156985,190.9052734
155766,247.4105225,,157099,190.5684357
155867,238.9894714,,157288,189.8105316
156067,82.86315918,,157404,188.7157745
156167,54.40000916,,157697,188.2947388
156368,51.70526123,,157802,188.4631653
156668,50.02105713,,157975,toTop4
156869,68.46316528,,157997,188.2105408
156969,208.6736908,,158097,188.4631653
157169,235.8736725,,158298,187.705246
157269,241.1789398,,158398,189.1368408
157470,243.2841949,,158600,188.8842163
157570,242.6105194,,158700,189.7263031
157770,242.3578949,,158900,190.6526337
157871,240.5052643,,159011,190.7368317
157975,toTop4,,159104,191.1578979
158080,240.4210663,,159302,191.5789642
158172,238.4842072,,159412,191.3263092
158375,239.5789337,,159607,187.1157837
158473,241.0105286,,159703,127.9157867
158673,240.8421021,,159903,38.40000916
158774,242.8631592,,160003,39.74737549
158974,242.6105194,,160204,35.11579895
159075,244.8000031,,160304,60.80000305
159275,246.3157806,,160410,192.5894775
159375,240.7579041,,160605,189.8947449
159575,80.50526428,,160705,189.2210693
159676,52.88421631,,160906,190.1473694
159976,86.82106018,,161025,188.8842163
160177,58.69473267,,161315,188.5473785
160277,93.97895813,,161408,187.957901
160477,218.3578796,,161580,toTop5
160577,237.5578918,,161608,188.2947388
160778,243.621048,,161708,189.2210693
160878,243.4526367,,161909,188.5473785
161079,243.1999969,,162010,189.0526276
161179,242.8631592,,162209,190.3999939
161379,240.8421021,,162314,190.9052734
161480,240.6736908,,162444,190.7368317
161580,toTop5,,162617,190.8210602
161680,241.7684326,,162717,189.6421051
161780,243.0315857,,162917,143.3263092
161980,242.7789612,,163017,37.89474487
162081,242.9473572,,163218,31.24211121
162281,244.1263275,,163318,79.32632446
162381,243.9578857,,163438,184.8421173
162581,243.4526367,,163618,188.6315765
162682,156.1263123,,163732,189.2210693
162882,50.44210815,,163919,188.6315765
162982,49.93684387,,164024,189.0526276
163183,43.36842346,,164220,189.1368408
163283,42.86315918,,164339,188.7157745
163483,145.6842041,,164421,188.3789368
163584,234.6105194,,164622,188.8000031
163785,240.2526245,,164737,188.7157745
163885,243.3684235,,164922,188.2947388
164085,243.2841949,,165057,188.6315765
164386,241.5157928,,165223,189.0526276
164486,238.9894714,,165357,190.6526337
164686,238.4000092,,165488,toTop6
164787,239.0737,,165437,188.6315765
164987,239.5789337,,165624,189.8947449
165087,240.5052643,,165727,189.7263031
165287,240.5894623,,165925,188.6315765
165389,242.8631592,,166029,189.9789429
165488,toTop6,,166326,188.9684143
165588,243.621048,,166426,189.8947449
165688,242.6947327,,166627,190.9052734
165890,242.8631592,,166828,187.2842102
165989,243.115799,,167028,153.7684174
166190,243.3684235,,167129,37.22105408
166290,243.2841949,,167329,31.91578674
166490,242.2736664,,167429,31.07368469
166591,188.042099,,167630,32.33683777
166791,53.22105408,,167730,122.7789459
166991,49.09474182,,167832,185.4315796
167092,63.41052246,,168032,189.6421051
167292,51.45263672,,168132,189.8947449
167392,43.11579895,,168333,189.0526276
167592,76.63157654,,168634,188.9684143
167693,203.3684387,,168736,188.4631653
167893,234.3579102,,168835,189.2210693
167993,241.0105286,,169035,188.3789368
168194,243.2841949,,169135,188.7157745
168294,243.0315857,,169095,toTop7
168594,241.5999908,,169336,188.3789368
168795,241.0105286,,169436,188.9684143
168904,238.8210602,,169636,189.2210693
169095,toTop7,,169736,188.8000031
169095,239.8315735,,169937,189.2210693
169197,239.4947357,,170037,189.8105316
169404,238.9052582,,170137,189.1368408
169496,240.0842285,,170338,190.6526337
169696,242.6947327,,170438,189.9789429
169796,242.9473572,,170638,187.621048
169998,243.1999969,,170738,169.0947418
170098,243.115799,,170939,45.38948059
170298,243.7052612,,171039,40.16842651
170398,197.8947296,,171239,36.54736328
170599,53.30526733,,171339,40.42105103
170699,52.46316528,,171439,175.7473755
171000,78.82106018,,171640,189.7263031
171200,52.71578979,,171740,188.9684143
171304,128.1684265,,171941,190.3157959
171501,235.5368347,,172041,188.8842163
171601,241.1789398,,172141,190.2315826
171802,242.9473572,,172342,188.5473785
171907,243.5368347,,172442,187.8736877
172105,243.7894897,,172642,188.2947388
172205,242.3578949,,172743,188.4631653
172405,240.4210663,,172910,toTop8
172505,239.4947357,,173043,188.6315765
172706,238.9894714,,173143,188.2947388
172806,238.8210602,,173344,189.0526276
172910,toTop8,,173444,188.5473785
173009,239.5789337,,173644,189.2210693
173108,239.8315735,,173744,190.1473694
173307,239.6631622,,173945,189.9789429
173414,240.8421021,,174045,189.0526276
173608,243.5368347,,174245,190.2315826
173709,243.1999969,,174346,189.7263031
173908,243.8736877,,174446,186.6947327
174017,245.3894806,,174646,171.1157837
174209,241.0947418,,174746,76.54737854
174313,129.0105286,,174947,37.89474487
174511,52.71578979,,175048,37.6421051
174711,71.49473572,,175248,69.6421051
174818,63.91578674,,175348,203.5368347
175011,51.62104797,,175448,189.7263031
175120,83.45263672,,175649,190.9052734
175223,213.6420898,,175749,190.8210602
175412,238.3157959,,175950,190.0631409
175514,243.5368347,,176250,188.9684143
175713,243.2841949,,176351,190.4842072
175914,244.1263275,,176451,189.8947449
176114,243.1999969,,176651,188.1263123
176214,243.8736877,,176752,189.2210693
176414,242.8631592,,176952,188.4631653
176514,242.5263214,,177053,188.1263123
176715,243.9578857,,177253,187.7894745
176915,241.7684326,,177216,toTop9
177016,243.621048,,177386,188.8842163
177216,242.6105194,,177553,188.3789368
177216,toTop9,,177653,188.7157745
177216,242.7789612,,177754,188.4631653
177516,243.0315857,,177954,189.1368408
177617,242.8631592,,178055,189.0526276
177817,241.3473663,,178256,190.8210602
177917,243.2841949,,178356,190.7368317
178118,243.621048,,178557,190.1473694
178218,243.1999969,,178657,189.8947449
178418,245.1368561,,178759,188.1263123
178518,245.4736938,,178958,184.0842133
178719,207.4105377,,179058,64.75790405
178819,59.11579895,,179258,38.82106018
179020,50.18946838,,179358,35.70526123
179120,55.57894897,,179559,48.84210205
179821,234,,179659,182.1473846
179922,25.51579285,,179759,190.9052734
180122,242.8631592,,179959,189.1368408
180222,242.6105194,,180059,189.8947449
180423,242.6947327,,180260,189.7263031
180523,240.5894623,,180364,188.2947388
180724,239.5789337,,180561,187.0315704
180824,238.7368469,,180662,187.7894745
181025,239.5789337,,180863,187.3684082
181225,toTop10,,180963,188.1263123
181325,239.4947357,,181064,187.7894745
181426,240.2526245,,181225,toTop10
181626,240.5894623,,181326,188.1263123
181726,241.4315948,,181364,187.2842102
181927,243.115799,,181571,188.6315765
182027,243.7052612,,181665,189.1368408
182228,245.2210541,,181865,188.8000031
182328,246.3999939,,181965,189.8105316
182528,247.3263092,,182065,190.1473694
182629,242.6105194,,182276,190.0631409
182829,199.8315735,,182367,190.9052734
182930,68.63157654,,182567,191.0736694
183230,144.5894775,,182667,189.8947449
183431,102.1473694,,182868,190.8210602
183531,52.46316528,,182968,185.5157928
183731,106.2736816,,183068,150.5684204
183832,226.0210571,,183272,61.38948059
184032,240.0842285,,183380,37.6421051
184233,242.9473572,,183570,34.18946838
184333,243.7052612,,183677,53.6421051
184533,242.9473572,,183871,182.3157806
184634,239.9157715,,183980,189.7263031
184838,238.7368469,,184072,188.7157745
184942,238.8210602,,184279,190.5684357
185139,239.7473755,,184377,187.53685
185239,238.5684052,,184573,188.8000031
185239,upTop1,,184679,188.2105408
185437,238.4842072,,184873,188.4631653
185537,239.2420959,,184978,188.2105408
185737,238.0631714,,185174,187.53685
185837,238.8210602,,185239,upTop1
186038,238.1473694,,185291,187.3684082
186138,239.0737,,185378,188.2105408
186339,240.5052643,,185575,187.7894745
186439,243.4526367,,185713,186.8631744
186639,243.115799,,185875,188.1263123
186740,244.042099,,185979,187.7894745
186940,244.1263275,,186176,189.2210693
187041,245.8105316,,186295,188.6315765
187241,247.1578979,,186377,188.7157745
187341,246.6526184,,186577,190.3157959
187542,242.9473572,,186689,189.6421051
187642,69.72631836,,186891,190.5684357
187842,11.28421021,,186991,190.7368317
187943,23.57894897,,187192,190.5684357
188143,49.93684387,,187292,190.3999939
188243,98.77894592,,187392,190.3157959
188444,130.7789459,,187592,190.6526337
188557,118.6526337,,187692,191.2421112
188745,104.0842133,,187893,190.3999939
188845,186.6947327,,188017,187.2842102
189045,240.4210663,,188194,142.8210602
189146,245.8105316,,188298,41.01052856
189346,241.8526306,,188498,39.15789795
189446,242.5263214,,188599,48.92631531
189646,242.4421082,,188699,77.97895813
189747,239.9157715,,188899,152.2526245
189947,238.9052582,,188999,186.7789459
190248,239.9157715,,189200,189.7263031
190348,upTop2,,189301,188.6315765
190348,239.6631622,,189502,188.8000031
190549,240.1684265,,189606,187.705246
190649,239.3263092,,189703,186.7789459
190849,242.1894684,,189903,187.7894745
190949,242.6947327,,190004,187.705246
191150,243.4526367,,190204,187.1157837
191250,243.7894897,,190348,upTop2
191451,245.6420898,,190311,187.53685
191551,246.8210602,,190505,188.1263123
191751,246.1473846,,190609,187.3684082
191852,145.0947418,,190712,188.2105408
192052,24.33683777,,190906,188.7157745
192253,21.13684082,,191008,189.6421051
192353,45.13684082,,191207,190.0631409
192554,50.27368164,,191310,190.8210602
192656,98.18948364,,191507,191.5789642
192756,129.5157928,,191612,190.1473694
192955,100.2105255,,192409,191
193057,76.96842957,,192409,19.28421021
193255,135.7473755,,192610,153.8526306
193355,239.7473755,,192710,41.17895508
193556,241.0947418,,192910,39.32632446
193757,243.3684235,,193010,55.49473572
193870,243.4526367,,193111,67.19999695
194057,241.0947418,,193313,121.7684174
194181,238.1473694,,193415,185.7684174
194360,upTop3,,193613,190.5684357
194360,238.7368469,,193713,188.9684143
194460,239.0737,,193914,189.6421051
194661,239.1578979,,194014,188.8842163
194762,238.7368469,,194114,187.705246
194961,242.8631592,,194315,187.957901
195063,243.1999969,,194360,upTop3
195265,244.7157898,,194440,185.6000061
195365,246.6526184,,194616,186.8631744
195566,246.8210602,,194716,188.042099
195668,243.8736877,,194917,188.2947388
195869,109.5578918,,195024,188.7157745
195972,17.01052856,,195117,189.8947449
196172,14.73684692,,195318,190.4842072
196274,36.21052551,,195418,190.7368317
196474,51.03158569,,195618,190.3157959
196575,109.3052673,,195719,190.4842072
196777,131.7894745,,195919,190.3999939
196877,127.2421112,,196019,190.9894714
197078,118.1473694,,196119,190.6526337
197180,152,,196320,189.6421051
197379,240.2526245,,196420,181.2210541
197517,243.115799,,196622,96.6736908
197781,242.2736664,,196722,59.87368774
197982,240.5052643,,196922,60.88421631
198083,upTop4,,197123,120.5052643
198083,239.9157715,,197323,186.7789459
198384,240.8421021,,197423,189.0526276
198584,241.2631531,,197624,188.6315765
198691,242.8631592,,197732,187.53685
198885,243.7052612,,197924,188.1263123
198994,242.5263214,,198024,186.6105194
199186,244.8000031,,198083,upTop4
199296,246.8210602,,198225,186.3578796
199587,246.0631561,,198325,186.6947327
199787,105.1789551,,198427,188.2947388
199903,8.926315308,,198625,187.621048
200088,19.11578369,,198725,188.5473785
200201,42.86315918,,198926,189.2210693
200388,52.12631226,,199026,188.8842163
200504,116.7157898,,199227,190.3999939
200789,129.6842041,,199327,190.5684357
200889,76.80000305,,199428,190.3999939
201090,106.4421082,,199628,190.8210602
201190,225.6842041,,199740,190.0631409
201391,239.7473755,,199929,189.7263031
201491,244.1263275,,200029,190.5684357
201692,242.4421082,,200229,189.9789429
201792,242.9473572,,200329,185.5157928
201993,240.5052643,,200436,96.08421326
202094,239.0737,,200630,39.83157349
202294,239.5789337,,200733,39.74737549
202395,238.3157959,,200932,54.23158264
202495,upTop5,,201033,140.042099
202595,239.4947357,,201233,185.2631531
202695,238.2315674,,201335,189.6421051
202896,239.3263092,,201434,190.1473694
202996,240.6736908,,201634,188.9684143
203196,243.7894897,,201738,188.1263123
203297,243.4526367,,201935,187.705246
203497,245.5578918,,202036,187.53685
203698,247.578949,,202235,186.6947327
203798,244.8842163,,202495,upTop5
203998,157.9789429,,202536,186.7789459
204099,13.22105408,,202656,185.6842041
204299,7.242111206,,202758,187.2000122
204399,17.43157959,,202937,187.7894745
204600,45.38948059,,203056,188.4631653
204700,52.21052551,,203439,190.3157959
204901,119.3263245,,203639,190.0631409
205001,129.4315796,,203739,191.4105225
205201,110.5684204,,203840,189.6421051
205301,111.1578979,,204040,190.7368317
205502,157.9789429,,204040,189.9789429
205602,238.4842072,,204343,189.6421051
205803,241.3473663,,204443,190.8210602
205903,241.9368286,,204644,187.53685
206104,243.115799,,204744,135.4947357
206221,242.1052704,,204844,47.24211121
206404,239.4105377,,205044,39.57894897
206404,upTop6,,205145,55.49473572
206506,238.6526337,,205445,135.4105225
206705,239.4947357,,205646,185.8526459
206805,238.6526337,,205746,188.9684143
207005,239.9157715,,205847,189.9789429
207106,240.3368378,,206047,187.8736877
207306,244.5473633,,206147,188.8842163
207406,244.1263275,,206348,187.2842102
207607,246.0631561,,206448,186.8631744
207707,247.3263092,,206404,upTop6
207908,248.5052795,,206648,185.3473511
208008,239.4947357,,206748,186.3578796
208217,45.38948059,,206949,187.1157837
208309,20.63157654,,207049,188.7157745
208510,24.84210205,,207149,188.8000031
208610,45.05262756,,207349,190.9052734
208810,51.28421021,,207449,190.9894714
208911,101.8947449,,207650,189.8947449
209111,125.6421051,,207750,191.1578979
209211,102.6526337,,207950,191.2421112
209412,89.26316833,,208151,190.9894714
209517,164.378952,,208351,190.4842072
209613,237.3052673,,208451,190.5684357
209814,241.5157928,,208651,188.7157745
210015,243.4526367,,208752,180.8842163
210115,241.4315948,,208952,83.957901
210315,240.1684265,,209052,41.51579285
210416,239.7473755,,209252,59.11579895
210516,upTop7,,209453,116.8842163
210616,239.3263092,,209653,186.6105194
210722,240,,209754,188.2105408
210916,240.7579041,,209954,188.3789368
211017,241.9368286,,210054,188.042099
211217,242.7789612,,210154,187.8736877
211317,243.4526367,,210355,185.0947418
211518,246.4842224,,210455,185.8526459
211618,246.7368469,,210516,upTop7
211818,246.1473846,,210655,185.6842041
211919,184.6736755,,210755,186.2736816
212119,37.55789185,,210956,187.4526367
212320,22.48420715,,211056,187.621048
212420,31.91578674,,211257,189.8947449
212620,44.96842957,,211357,189.9789429
212721,48.6736908,,211457,191.4947357
213021,72.75790405,,211658,190.3999939
213227,97.09474182,,211758,190.3157959
213322,101.8105316,,211959,191.3263092
213522,64,,212059,190.9052734
213626,219.3684082,,212259,190.7368317
213824,237.2210388,,212359,189.8947449
213925,243.0315857,,212660,184.5894775
214125,243.9578857,,212760,101.0526428
214225,241.5157928,,212962,42.18946838
214426,239.3263092,,213061,54.23158264
214545,240.5052643,,213361,101.2210541
214728,upTop8,,213462,135.2421112
214728,238.6526337,,213662,186.6105194
214828,239.6631622,,213762,189.1368408
215029,238.3157959,,213962,188.3789368
215129,239.4947357,,214063,189.2210693
215329,241.5999908,,214263,188.5473785
215430,244.1263275,,214363,186.6947327
215630,243.1999969,,214664,186.6105194
215730,244.8000031,,214728,upTop8
215931,246.9052582,,214764,187.2000122
216031,246.5684204,,214964,186.6105194
216231,244.8000031,,215065,186.9473724
216332,128.8421021,,215265,187.621048
216532,8.421051025,,215365,188.8000031
216632,9.010528564,,215567,189.7263031
216833,30.06315613,,215667,191.2421112
216933,48.33683777,,215768,190.3999939
217133,51.70526123,,215968,189.1368408
217234,69.81053162,,216069,190.6526337
217434,62.56842041,,216269,189.7263031
217735,69.6421051,,216369,190.4842072
217835,143.578949,,216569,190.3157959
218036,239.6631622,,216670,190.3999939
218136,244.7157898,,216770,190.8210602
218337,243.2841949,,216972,185.6842041
218446,242.4421082,,217072,111.7473755
218638,241.2631531,,217272,41.6000061
218750,238.6526337,,217386,46.73684692
218942,upTop9,,217674,101.1368408
219044,239.0737,,217786,138.2736816
219244,238.4842072,,217977,186.5263214
219343,240.7579041,,218076,189.8947449
219544,243.1999969,,218276,189.8105316
219644,243.5368347,,218378,189.0526276
219844,243.1999969,,218577,187.53685
219945,245.6420898,,218687,187.1157837
220145,246.3157806,,218777,186.6105194
220246,246.0631561,,218942,upTop9
220446,190.8210602,,219014,186.3578796
220548,27.03158569,,219078,186.7789459
220748,16.6736908,,219278,187.2842102
220950,22.98947144,,219395,187.705246
221051,44.88421631,,219579,188.2105408
221253,49.01052856,,219693,190.2315826
221455,100.5473785,,219880,189.7263031
221656,76.37895203,,219984,191.1578979
221758,74.44210815,,220089,191.8315735
221959,78.48420715,,220280,190.7368317
222160,223.0736694,,220401,190.3999939
222264,241.5999908,,220582,189.7263031
222461,245.3052521,,220701,189.8105316
222602,242.9473572,,220882,190.9894714
222766,243.115799,,220983,190.1473694
222877,241.2631531,,221087,185.4315796
222970,upTop10,,221285,107.2842102
223080,240.1684265,,221385,39.24211121
223170,239.9157715,,221586,39.66316223
223370,240.3368378,,221886,100.378952
223472,243.0315857,,222013,140.2105255
223672,243.4526367,,222089,186.4421082
223774,242.5263214,,222293,189.9789429
223973,243.1999969,,222411,189.8947449
224074,246.6526184,,222593,187.957901
224274,246.9894562,,222700,187.7894745
224377,247.663147,,222894,187.3684082
224574,242.0210571,,222970,upTop10
224678,64.33685303,,223010,186.2736816
224875,7.157897949,,223101,186.9473724
224982,21.72631836,,223295,186.6105194
225176,46.90525818,,223397,187.621048
225285,50.18946838,,223596,188.042099
225476,64.33685303,,223723,190.8210602
225777,71.41053772,,223896,190.2315826
225890,45.6421051,,224013,190.3999939
226078,56,,224197,190.4842072
226179,170.2736816,,224306,191.0736694
226378,237.8947296,,224405,190.1473694
226527,242.7789612,,224597,190.3157959
226679,242.6947327,,224760,189.6421051
226793,241.9368286,,224898,190.6526337
226980,239.3263092,,225009,189.2210693
227099,238.4842072,,225198,187.957901
227281,239.9157715,,225335,179.4526367
227389,238.7368469,,225418,95.41053772
227582,238.6526337,,225599,39.83157349
227707,238.2315674,,225737,40.75790405
227882,238.6526337,,225900,65.17895508
227990,downTop1,,226047,115.4526367
227990,238.5684052,,226200,160.8421021
228283,237.5578918,,226324,185.6000061
228283,239.1578979,,226418,188.1263123
228584,240.0842285,,226701,188.3789368
228684,240.1684265,,226802,188.8000031
228885,243.0315857,,227002,186.6105194
228985,243.1999969,,227103,185.7684174
229185,242.6947327,,227303,186.3578796
229286,243.2841949,,227403,186.4421082
229486,242.8631592,,227503,186.2736816
229586,242.3578949,,227704,185.7684174
229787,243.8736877,,227804,186.3578796
229887,242.3578949,,228005,186.7789459
230088,243.3684235,,227990,downTop1
230188,245.4736938,,228105,185.8526459
230388,246.7368469,,228305,185.0105133
230489,246.8210602,,228405,186.6947327
230689,242.6105194,,228606,187.7894745
230789,240.5894623,,228706,189.2210693
230990,239.3263092,,229007,190.3157959
231090,189.7263031,,229108,191.0736694
231291,64,,229307,189.1368408
231491,54.56842041,,229408,189.6421051
231592,50.3578949,,229608,189.7263031
231792,53.30526733,,229708,190.9052734
231893,52.80000305,,229808,190.0631409
232093,43.36842346,,230009,189.6421051
232193,40.84210205,,230117,190.6526337
232394,40.42105103,,230314,190.0631409
232496,43.11579895,,230414,189.0526276
232695,93.38948059,,230615,190.7368317
232795,45.38948059,,230715,190.4842072
232995,186.4421082,,230818,190.8210602
233096,240.2526245,,231018,190.4842072
233296,244.1263275,,231118,190.3157959
233401,243.0315857,,231319,191.4105225
233597,242.6105194,,231419,187.4526367
233697,241.0105286,,231620,185.6000061
233904,240,,231720,100.5473785
233998,239.4105377,,231826,27.45263672
233998,downTop2,,232024,7.747375488
234198,238.6526337,,232125,4.715789795
234298,237.1368408,,232326,11.53684998
234499,238.4842072,,232433,27.87368774
234599,241.5157928,,232630,29.38948059
234800,243.2841949,,232730,41.09474182
234900,242.2736664,,232933,180.1263275
235101,243.115799,,233033,186.7789459
235201,244.042099,,233133,188.2947388
235401,244.7157898,,233334,188.8842163
235501,245.1368561,,233434,187.621048
235702,244.8842163,,233634,188.2105408
235802,245.8105316,,233735,187.3684082
236003,245.9789429,,233938,186.9473724
236103,246.9894562,,234038,186.4421082
236303,247.1578979,,233998,downTop2
236404,247.2421112,,234038,186.7789459
236604,246.1473846,,234340,187.8736877
236704,243.1999969,,234441,188.4631653
236905,240.1684265,,234641,188.042099
237206,162.3578949,,234942,189.0526276
237306,56,,235042,190.0631409
237506,49.85263062,,235143,189.9789429
237607,48.58947754,,235343,191.1578979
237807,44.04211426,,235443,190.7368317
237907,41.76841736,,235644,191.1578979
238409,72.33685303,,235744,191.4947357
238509,232.5894775,,235944,189.6421051
238710,245.5578918,,236044,191.3263092
238810,244.1263275,,236245,189.6421051
239011,243.0315857,,236345,191.0736694
239115,241.5999908,,236445,190.6526337
239312,240.1684265,,236645,190.5684357
239412,238.6526337,,236745,190.2315826
239613,239.7473755,,236946,190.0631409
239714,237.9789429,,237046,190.6526337
239714,downTop3,,237246,190.3157959
239914,238.1473694,,237346,190.2315826
240014,238.5684052,,237447,185.7684174
240315,240.1684265,,237647,81.17895508
240515,242.7789612,,237747,21.55789185
240615,243.115799,,237948,6.231582642
240816,244.2947235,,238048,6.652633667
240916,246.0631561,,238251,15.41052246
241116,246.5684204,,238349,83.62106323
241217,247.578949,,238449,185.5157928
241417,245.3052521,,238649,190.3157959
241517,240.5894623,,238750,190.9052734
241718,241.0947418,,238950,187.621048
241818,86.73684692,,239050,187.957901
242019,51.62104797,,239251,187.4526367
242219,48.33683777,,239351,188.2105408
242319,44.12631226,,239451,187.2000122
242520,42.18946838,,239652,185.6000061
242620,42.44210815,,239752,186.9473724
242820,43.70526123,,239714,downTop3
242921,159.4105225,,239952,186.2736816
243121,236.0421143,,240052,187.1157837
243222,242.9473572,,240253,187.8736877
243422,243.115799,,240353,188.3789368
243523,242.1894684,,240553,188.9684143
243724,239.1578979,,240653,190.2315826
244025,237.9789429,,240754,189.8105316
244131,downTop4,,240954,190.5684357
244325,237.8947296,,241054,190.2315826
244425,236.6315765,,241254,191.3263092
244626,237.8105316,,241355,190.8210602
244726,239.2420959,,241555,190.5684357
244926,242.6105194,,241655,190.7368317
245027,242.9473572,,241755,189.8947449
245227,244.6315613,,241956,189.7263031
245327,244.9684143,,242056,180.1263275
245528,246.1473846,,242256,43.36842346
245628,245.8105316,,242357,14.3157959
245828,244.5473633,,242557,5.13684082
245929,240.4210663,,242657,7.494735718
246129,236.0421143,,242858,70.40000916
246230,98.52632141,,242958,184.9263153
246430,52.21052551,,243059,189.2210693
246532,48.25263977,,243259,189.8947449
246733,43.78947449,,243359,187.621048
246835,42.02105713,,243560,188.2105408
247136,42.77894592,,243660,188.3789368
247338,165.3894806,,243760,187.2842102
247467,236.884201,,244062,188.5473785
247640,244.378952,,244131,downTop4
247758,244.042099,,244262,187.1157837
247941,242.7789612,,244362,187.0315704
248085,240.5894623,,244563,187.621048
248244,238.6526337,,244666,187.1157837
248345,238.1473694,,244863,188.5473785
248545,downTop5,,244963,188.4631653
248545,238.4000092,,245064,189.0526276
248646,237.5578918,,245264,191.4105225
248846,236.884201,,245364,190.7368317
248957,239.4105377,,245565,191.0736694
249147,240.9263,,245665,190.5684357
249253,243.115799,,245866,191.2421112
249448,242.2736664,,245966,189.7263031
249548,245.1368561,,246077,190.0631409
249749,245.7263184,,246266,191.1578979
249849,246.0631561,,246377,189.9789429
250049,246.9894562,,246567,176.9263
250150,246.1473846,,246674,38.14736938
250350,241.9368286,,246868,14.06315613
250450,239.4105377,,246983,7.073684692
250651,232.7578888,,247168,10.69473267
250751,83.28421021,,247287,157.0526276
250951,54.48420715,,247369,189.0526276
251152,48.75790405,,247569,190.9052734
251267,45.05262756,,247686,188.042099
251453,42.61053467,,247869,188.1263123
251555,41.09474182,,247994,187.53685
251753,42.27368164,,248170,186.7789459
251954,218.6947327,,248288,185.6000061
252155,240.5052643,,248371,185.6842041
252265,242.3578949,,248545,downTop5
252455,241.7684326,,248609,186.3578796
252568,239.4947357,,248673,186.2736816
252756,239.6631622,,248873,185.6000061
252957,downTop6,,248998,187.2842102
252957,238.7368469,,249176,189.2210693
253058,239.3263092,,249282,189.6421051
253258,237.8105316,,249402,189.8105316
253459,238.5684052,,249579,190.9052734
253659,242.1894684,,249704,190.8210602
253759,242.6947327,,249881,190.4842072
253960,244.2105255,,249982,190.9052734
254060,246.9052582,,250183,189.7263031
254260,247.494751,,250284,190.2315826
254361,246.6526184,,250399,190.9052734
254561,246.7368469,,250585,189.9789429
254661,245.5578918,,250700,190.0631409
254862,242.9473572,,250888,188.9684143
254962,240.4210663,,250989,185.0947418
255162,154.7789459,,251189,106.6947479
255263,63.07368469,,251317,23.74737549
255463,51.70526123,,251493,6.652633667
255563,47.41052246,,251605,1.768417358
255764,43.957901,,251708,22.3157959
255864,42.86315918,,251896,170.7789459
256065,43.03158569,,252010,184.9263153
256165,70.56842041,,252197,188.7157745
256366,219.3684082,,252298,187.4526367
256466,241.2631531,,252499,187.0315704
256666,243.8736877,,252622,186.8631744
256767,243.115799,,252701,186.3578796
256967,240.5894623,,252901,185.4315796
257067,238.7368469,,252957,downTop6
257268,238.4842072,,253036,184.7578888
257368,239.2420959,,253205,185.3473511
257470,downTop7,,253328,185.7684174
257569,238.0631714,,253505,187.2000122
257669,239.5789337,,253612,188.8842163
257869,237.8947296,,253707,189.1368408
257969,240.7579041,,253906,190.8210602
258170,242.6105194,,254032,189.9789429
258270,243.8736877,,254206,191.4947357
258471,244.7157898,,254322,191.2421112
258571,246.9052582,,254607,190.5684357
258771,247.494751,,254741,190.3157959
258871,247.1578979,,254908,190.0631409
259072,241.0105286,,255039,190.3999939
259172,228.5473633,,255208,188.2947388
259373,72.84210205,,255332,186.6105194
259473,53.47367859,,255509,110.6526337
259673,48.92631531,,255647,30.48420715
259774,50.02105713,,255810,6.736846924
259974,47.91578674,,255930,11.62104797
260074,44.88421631,,256213,185.1789551
260275,44.46316528,,256342,190.7368317
260375,43.36842346,,256513,188.8842163
260576,43.78947449,,256650,187.705246
260676,142.3157959,,256814,187.0315704
260876,232.7578888,,256917,186.6105194
260977,242.6947327,,257115,187.1157837
261177,243.2841949,,257316,186.9473724
261278,242.1052704,,257470,downTop7
261478,238.1473694,,257537,186.6947327
261579,239.8315735,,257640,186.3578796
261789,238.5684052,,257825,186.7789459
261789,downTop8,,257928,187.621048
262081,239.2420959,,258043,188.6315765
262181,237.7263336,,258226,189.6421051
262381,241.8526306,,258362,190.3999939
262481,242.6947327,,258527,190.9894714
262682,242.9473572,,258636,191.8315735
262782,246.1473846,,258828,190.9052734
262983,247.2421112,,259028,190.7368317
263083,246.5684204,,259129,190.5684357
263283,246.6526184,,259429,188.3789368
263484,241.8526306,,259630,184.5894775
263584,239.4947357,,259730,163.7052612
263785,156.2947388,,259830,59.28421021
263885,63.49473572,,260032,50.3578949
264085,48.84210205,,260232,11.62104797
264185,45.38948059,,260332,5.221054077
264386,41.26315308,,260533,4.126312256
264486,42.18946838,,260633,62.73684692
264687,38.48420715,,260733,202.6105194
264787,43.45263672,,260933,189.9789429
264988,176.9263,,261034,188.8842163
265088,235.1157837,,261234,187.1157837
265289,241.3473663,,261334,187.705246
265389,243.4526367,,261434,186.6105194
265590,242.4421082,,261635,185.5157928
265691,239.8315735,,261735,185.4315796
265891,239.6631622,,261789,downTop8
265891,downTop9,,261935,186.6947327
265992,239.4947357,,262035,186.5263214
266191,239.9157715,,262236,185.6842041
266292,240.5052643,,262336,187.1157837
266492,243.0315857,,262436,188.8000031
266593,242.4421082,,262637,189.2210693
266793,243.1999969,,262737,190.1473694
266893,245.9789429,,262938,190.7368317
267094,246.7368469,,263038,189.9789429
267194,247.2421112,,263239,191.6631622
267395,245.6420898,,263339,190.9894714
267495,241.5157928,,263440,190.4842072
267695,232.421051,,263640,190.3157959
267796,89.6000061,,263741,190.3999939
267996,50.61053467,,263942,189.6421051
268097,45.97894287,,264042,136.1684265
268297,41.26315308,,264242,21.6421051
268598,38.65263367,,264342,5.389480591
268698,35.45263672,,264543,8.842102051
268898,94.3157959,,264643,62.56842041
269004,233.1789398,,264843,187.53685
269201,244.8842163,,264943,179.4526367
269301,243.3684235,,265044,188.2105408
269502,242.2736664,,265244,188.3789368
269619,240.8421021,,265344,187.957901
269802,237.9789429,,265545,187.0315704
269903,238.2315674,,265645,187.1157837
270112,238.5684052,,265745,185.5157928
270203,239.3263092,,265946,186.5263214
270203,downTop10,,265891,downTop9
270403,238.4000092,,266046,185.4315796
270503,238.5684052,,266246,186.3578796
270704,239.6631622,,266346,187.1157837
270804,242.1052704,,266546,188.8000031
271004,244.042099,,266647,189.2210693
271118,243.0315857,,266747,190.5684357
271305,245.7263184,,266953,190.3157959
271420,246.0631561,,267051,190.2315826
271612,245.8947296,,267251,190.8210602
271708,247.494751,,267351,190.1473694
271909,248.2526245,,267552,189.8105316
272009,247.494751,,267652,190.9894714
272210,244.4631653,,267852,190.7368317
272310,240.8421021,,267953,188.2105408
272511,239.1578979,,268053,100.8842163
272618,204.8000031,,268253,24.84210205
272811,72.16842651,,268353,5.810531616
272911,55.83157349,,268554,6.736846924
273119,50.94737244,,268654,14.23158264
273312,49.01052856,,268854,86.23158264
273413,44.21052551,,268954,184.421051
273624,41.43157959,,269055,190.3999939
273713,35.45263672,,269255,188.8000031
273913,31.07368469,,269355,187.957901
274014,64.75790405,,269556,187.3684082
274214,215.578949,,269656,186.9473724
274325,241.1789398,,269856,186.2736816
274516,244.1263275,,269956,185.2631531
274628,242.7789612,,270057,186.7789459
274818,241.4315948,,270257,186.2736816
274930,238.4842072,,270203,downTop10
275119,238.7368469,,270380,185.7684174
275233,239.2420959,,270557,186.2736816
275419,239.4947357,,270658,187.7894745
275535,238.7368469,,270859,188.7157745
275720,239.4105377,,270959,188.6315765
275836,239.8315735,,271060,189.7263031
276020,240.5894623,,271260,190.2315826
276134,240.6736908,,271366,190.9052734
276421,240.4210663,,271564,190.3157959
276421,toBottom1,,271662,190.3999939
276421,240.6736908,,271862,189.9789429
276624,239.9157715,,271963,191.2421112
276824,240.5052643,,272163,191.1578979
277025,240.5894623,,272263,190.2315826
277125,242.5263214,,272363,190.3157959
277325,243.1999969,,272564,190.2315826
277426,243.9578857,,272664,190.3999939
277626,242.8631592,,272864,190.3157959
277726,242.3578949,,272965,190.4842072
277927,242.6947327,,273165,186.5263214
278027,242.6105194,,273266,77.97895813
278227,242.8631592,,273366,30.48420715
278327,244.1263275,,273566,9.936843872
278528,243.115799,,273669,9.600006104
278628,242.2736664,,273866,21.6421051
278828,240.3368378,,273989,164.8000031
278929,233.3473816,,274167,182.9894562
279129,238.4842072,,274276,189.8105316
279229,177.6842041,,274368,189.2210693
279430,92.46316528,,274568,187.705246
279530,44.54736328,,274972,187.957901
279730,48.50526428,,275169,187.705246
279831,139.8736877,,275470,187.2842102
280031,115.115799,,275570,187.3684082
280131,51.87368774,,275671,187.8736877
280331,121.1789551,,275872,187.53685
280432,245.9789429,,275977,187.7894745
280632,245.3052521,,276173,187.957901
280732,243.4526367,,276273,187.53685
280933,242.6947327,,276421,toBottom1
281033,242.5263214,,276480,187.2842102
281233,242.7789612,,276573,187.3684082
281333,242.6947327,,276673,188.042099
281534,241.0947418,,276874,188.2105408
281534,toBottom2,,277029,189.8105316
281634,241.6842041,,277175,188.2947388
281945,242.4421082,,277276,190.3999939
282136,242.2736664,,277476,188.1263123
282236,242.8631592,,277576,190.4842072
282436,243.0315857,,277698,189.8947449
282536,242.1894684,,277977,190.0631409
282737,244.2947235,,278177,189.7263031
282837,242.3578949,,278285,189.2210693
283037,241.9368286,,278478,190.3999939
283137,239.4947357,,278679,189.6421051
283338,232.0842133,,278881,188.2105408
283438,238.5684052,,278985,181.3052521
283638,234.9473724,,279184,79.07368469
283739,144.6736908,,279288,33.85263062
283939,133.7263184,,279484,31.07368469
284140,134.0631561,,279785,32.92631531
284240,70.65263367,,279920,41.17895508
284440,52.80000305,,280086,174.6526337
284741,244.042099,,280215,190.3157959
284841,244.8842163,,280296,191.0736694
285041,243.9578857,,280486,190.2315826
285141,242.1894684,,280615,190.9052734
285342,241.8526306,,280787,190.5684357
285442,242.6947327,,280917,191.5789642
285546,toBottom3,,280996,188.3789368
285643,242.7789612,,281188,187.8736877
285743,241.9368286,,281306,188.2105408
285943,241.1789398,,281488,188.5473785
286043,243.115799,,281534,toBottom2
286244,242.1894684,,281600,188.042099
286344,243.0315857,,281889,188.6315765
286544,242.1894684,,281989,188.8000031
286645,244.2105255,,282089,188.3789368
286845,243.9578857,,282290,188.8842163
286945,237.5578918,,282390,188.7157745
287145,230.4842072,,282590,190.4842072
287246,238.4842072,,282691,190.3999939
287446,243.1999969,,282891,190.9894714
287546,203.4526367,,282991,190.3999939
287746,141.0526276,,283192,190.2315826
287847,142.0631561,,283292,188.8842163
288047,89.01052856,,283392,181.8105316
288147,53.38948059,,283592,153.9368439
288348,146.0210571,,283692,69.81053162
288448,245.2210541,,283893,51.45263672
288648,243.8736877,,283993,37.6421051
288748,244.042099,,284193,48.08421326
288949,241.9368286,,284293,191.915802
289049,243.0315857,,284393,190.9052734
289250,243.2841949,,284796,187
289350,242.6105194,,284896,20.042099
289450,toBottom4,,285097,188.8842163
289559,242.5263214,,285197,190.4842072
289650,242.7789612,,285297,190.3999939
289851,243.1999969,,285497,188.7157745
289951,242.9473572,,285546,toBottom3
290151,242.6947327,,285799,188.4631653
290251,242.1894684,,285899,188.8842163
290452,243.3684235,,286099,188.2105408
290552,243.115799,,286199,188.4631653
290753,243.2841949,,286400,188.8000031
290855,242.8631592,,286500,189.0526276
291056,240.3368378,,286600,190.2315826
291156,233.1789398,,286801,188.7157745
291356,235.0315857,,286903,188.9684143
291457,241.5157928,,287104,188.042099
291657,198.1473541,,287204,181.8105316
291757,127.2421112,,287407,179.7052612
291957,66.77894592,,287507,101.8947449
292059,69.13684082,,287608,39.15789795
292258,54.48420715,,287809,40.25263977
292360,51.957901,,287909,57.17895508
292559,228.9684296,,288113,162.4421082
292659,245.3894806,,288212,188.8842163
292859,244.042099,,288411,190.4842072
292964,243.115799,,288512,190.5684357
293162,242.4421082,,288613,191.5789642
293264,243.115799,,288813,190.1473694
293565,toBottom5,,288914,190.2315826
293565,241.6842041,,289114,188.8842163
294167,234,,289214,189.0526276
294270,25.51579285,,289415,188.6315765
294467,242.4421082,,289515,188.8842163
294568,242.2736664,,289450,toBottom4
294768,242.7789612,,289715,189.2210693
294868,242.6947327,,289815,188.2947388
295069,242.3578949,,289916,188.9684143
295169,242.1052704,,290116,189.6421051
295370,235.8736725,,290216,189.1368408
295470,229.6421204,,290417,190.4842072
295670,240.5894623,,290517,189.7263031
295771,242.7789612,,290717,188.5473785
295971,198.0631561,,290817,190.2315826
296071,137.5157928,,290918,189.9789429
296272,128.0842133,,291139,189.0526276
296372,64.16842651,,291229,186.6947327
296573,56.25263977,,291418,181.1368561
296873,241.1789398,,291519,178.5263214
296974,244.7157898,,291719,104.336853
297174,243.2841949,,291824,38.73684692
297288,243.0315857,,292024,38.14736938
297475,243.115799,,292124,40.08421326
297576,242.1894684,,292224,149.3052673
297776,toBottom6,,292424,187.957901
297776,242.1052704,,292527,189.9789429
297876,241.3473663,,292729,190.0631409
298177,242.6947327,,292827,190.1473694
298377,242.6105194,,292927,190.0631409
298478,242.9473572,,293128,189.6421051
298678,242.3578949,,293428,189.8105316
298979,244.1263275,,293529,189.9789429
299179,242.1052704,,293565,toBottom5
299280,240.3368378,,293729,189.7263031
299480,231.7473755,,293829,187.705246
299580,242.0210571,,294030,188.7157745
299781,171.2842102,,294130,189.0526276
299881,129.4315796,,294230,188.6315765
300081,92.80000305,,294430,188.2105408
300182,59.87368774,,294531,188.8000031
300382,52.96842957,,294731,188.6315765
300482,54.23158264,,294831,188.7157745
300683,144.0842133,,295032,189.6421051
300783,242.1894684,,295132,190.6526337
300985,242.8631592,,295232,189.6421051
301085,242.2736664,,295433,187.2842102
301291,242.4421082,,295533,181.1368561
301386,242.9473572,,295733,172.042099
301601,241.8526306,,295834,134.3999939
301601,toBottom7,,296034,73.93684387
301704,241.7684326,,296134,46.14736938
301889,241.5157928,,296435,177.5999908
301989,242.3578949,,296539,187.621048
302189,243.115799,,296739,190.4842072
302290,243.8736877,,296839,190.9052734
302490,243.0315857,,297039,189.8947449
302590,243.3684235,,297140,190.0631409
302791,244.042099,,297240,189.7263031
302891,242.8631592,,297440,189.8947449
303092,241.5157928,,297541,188.5473785
303192,241.7684326,,297741,187.705246
303392,238.4000092,,297776,toBottom6
303493,232.1684113,,297842,188.6315765
303693,240.2526245,,298042,188.2105408
303799,237.2210388,,298142,188.1263123
303994,141.0526276,,298343,188.4631653
304094,127.7473755,,298443,188.3789368
304301,69.30526733,,298543,188.4631653
304395,53.81053162,,298744,189.8947449
304595,115.1999969,,298844,189.9789429
304695,241.8526306,,299044,190.0631409
304896,243.2841949,,299145,190.4842072
304996,241.9368286,,299345,190.1473694
305197,242.7789612,,299448,184.7578888
305315,241.9368286,,299545,173.5578918
305498,toBottom8,,299746,88
305498,241.1789398,,299852,46.40000916
305601,240.1684265,,300046,38.40000916
305802,240.2526245,,300347,179.1999969
305899,241.5157928,,300456,187.3684082
306099,242.1894684,,300547,189.8947449
306199,243.4526367,,300747,190.9894714
306400,243.3684235,,300857,189.8105316
306500,243.1999969,,301049,189.1368408
306700,242.8631592,,301351,188.8842163
306809,242.2736664,,301451,188.6315765
307001,238.5684052,,301551,188.2947388
307102,232.0842133,,301601,toBottom7
307314,238.0631714,,301852,187.53685
307404,240.5894623,,302054,188.2105408
307605,184.1684265,,302166,188.8000031
307706,131.1157837,,302355,190.0631409
307906,128,,302455,188.6315765
308007,78.56842041,,302555,189.1368408
308207,55.57894897,,302755,189.6421051
308408,122.6947479,,303056,190.0631409
308511,241.9368286,,303178,190.2315826
308617,243.2841949,,303356,189.8105316
308808,242.5263214,,303457,187.8736877
308919,243.115799,,303657,183.9999847
309109,243.0315857,,303757,177.6842041
309218,241.4315948,,303866,119.578949
309410,toBottom9,,304058,56.58947754
309410,240.1684265,,304169,80.42105103
309517,239.9157715,,304358,180.8842163
309711,239.6631622,,304466,188.9684143
309822,241.6842041,,304659,190.5684357
310012,242.5263214,,304776,191.2421112
310125,242.8631592,,304860,190.0631409
310513,241.7684326,,305060,189.7263031
310626,243.3684235,,305193,189.8105316
310813,242.7789612,,305361,189.1368408
311014,242.6105194,,305498,toBottom8
311214,244.6315613,,305471,188.2105408
311314,242.4421082,,305663,188.7157745
311515,238.6526337,,305790,187.957901
311615,231.6631622,,305873,188.042099
311816,239.1578979,,306064,189.1368408
311916,242.3578949,,306195,188.3789368
312116,207.7473755,,306365,189.7263031
312217,135.578949,,306497,188.4631653
312417,131.7894745,,306665,189.8105316
312517,83.87368774,,306801,190.3999939
312718,55.32632446,,306880,189.8105316
312818,69.38948059,,307167,190.2315826
313018,230.2315826,,307267,184.8421173
313119,244.1263275,,307468,183.2421112
313320,243.4526367,,307568,169.2631531
313420,242.8631592,,307768,108.8000031
313721,242.3578949,,307868,96.16842651
313921,240.5894623,,308069,58.27368164
314021,239.4105377,,308169,166.3999939
314222,239.1578979,,308270,186.7789459
314322,240.4210663,,308470,189.9789429
314522,240.2526245,,308570,190.0631409
314623,241.1789398,,308771,190.3157959
314823,241.2631531,,308871,188.8000031
314823,toBottom10,,309071,188.9684143
314923,241.9368286,,309172,189.6421051
315125,241.3473663,,309272,188.5473785
315225,241.9368286,,309410,toBottom9
315426,241.5999908,,309472,188.042099
315526,243.115799,,309573,187.4526367
315827,242.8631592,,309773,187.621048
316027,241.8526306,,309873,186.9473724
316127,243.2841949,,310074,188.1263123
316328,241.8526306,,310174,187.621048
316428,242.3578949,,310274,188.9684143
316629,240.9263,,310475,189.1368408
316729,238.6526337,,310575,188.8000031
316929,232.336853,,310775,190.8210602
317029,238.7368469,,310876,189.9789429
317230,242.8631592,,311076,190.3157959
317330,238.4000092,,311176,190.2315826
317531,158.5684204,,311276,190.3157959
317631,131.8736877,,311477,190.0631409
317831,123.4526367,,311577,185.2631531
317932,73.51579285,,311777,183.4105225
318132,53.38948059,,311877,182.9052582
318233,52.80000305,,312078,150.7368469
318433,181.9789429,,312178,93.97895813
318533,244.6315613,,312378,54.48420715
318733,244.378952,,312478,122.2736816
318834,242.7789612,,312578,184.421051
319034,242.5263214,,312779,188.4631653
319134,242.1894684,,312879,190.5684357
319335,239.7473755,,313080,191.1578979
319435,238.3157959,,313180,190.5684357
319635,237.8947296,,313380,189.8947449
319736,240.2526245,,313480,190.1473694
319936,239.3263092,,313581,189.7263031
320037,238.3157959,,313781,188.8000031
320237,239.2420959,,313881,187.8736877
320337,238.3157959,,314082,187.3684082
320538,238.6526337,,314182,188.042099
320638,239.2420959,,314382,188.5473785
320838,238.4000092,,314482,188.2947388
320950,238.6526337,,314582,187.957901
321139,239.4947357,,314783,188.6315765
321240,237.8947296,,314823,toBottom10
321441,238.4000092,,314883,187.957901
321541,238.5684052,,315083,188.2947388
321741,238.7368469,,315184,189.2210693
321942,239.3263092,,315384,188.3789368
322042,upBottom1,,315584,189.9789429
322242,239.2420959,,315785,190.4842072
322543,240.0842285,,315885,189.8947449
322643,240.2526245,,316085,190.0631409
322844,241.5999908,,316216,190.9052734
322944,241.5157928,,316386,188.6315765
323144,243.0315857,,316486,189.8947449
323445,242.9473572,,316787,189.0526276
323545,242.8631592,,316887,186.5263214
323746,237.4736786,,317087,183.494751
323846,229.8105164,,317188,185.7684174
324046,174.9894714,,317388,146.2736816
324147,126.5684204,,317488,83.45263672
324347,123.3684235,,317689,48.33683777
324648,112.9263153,,317789,48.92631531
324748,105.4315796,,317989,126.7368469
324949,54.73684692,,318089,185.7684174
325049,85.38948059,,318190,188.8842163
325249,239.9157715,,318390,190.3999939
325350,243.9578857,,318491,189.9789429
325550,245.6420898,,318792,189.8105316
325652,245.5578918,,318892,189.2210693
325852,244.4631653,,319093,188.5473785
325952,244.042099,,319193,188.4631653
326153,244.1263275,,319394,187.705246
326258,242.2736664,,319494,186.9473724
326459,upBottom2,,319696,186.5263214
326459,242.1894684,,319797,186.4421082
326559,243.0315857,,320097,185.3473511
326759,242.5263214,,320197,185.0947418
326859,243.0315857,,320398,184.9263153
327059,242.2736664,,320498,185.4315796
327160,242.9473572,,320799,185.6000061
327360,243.0315857,,321107,185.4315796
327461,242.4421082,,321207,186.7789459
327661,238.6526337,,321407,185.2631531
327761,229.3894806,,321507,185.4315796
327962,230.5684204,,321708,185.6842041
328062,216.3368378,,321810,185.6000061
328262,160.5894775,,322042,upBottom1
328363,156.042099,,322010,186.5263214
328563,84.63157654,,322110,185.5157928
328663,52.88421631,,322210,187.4526367
328864,201.6000061,,322411,186.3578796
328964,243.8736877,,322511,187.7894745
329164,244.9684143,,322712,188.2105408
329265,246.9052582,,322812,188.4631653
329465,243.9578857,,323012,188.2947388
329603,244.2105255,,323113,188.4631653
329766,242.6947327,,323213,188.9684143
330066,241.5157928,,323413,188.5473785
330167,241.8526306,,323513,189.8947449
330367,242.5263214,,323714,188.6315765
330467,242.7789612,,323814,160.5052643
330668,241.6842041,,324014,14.23158264
330768,upBottom3,,324114,4.210525513
330768,242.1894684,,324315,2.947372437
331069,242.6947327,,324415,2.105270386
331370,244.042099,,324515,1.178939819
331570,243.0315857,,324716,8.505264282
331675,243.1999969,,324838,81.43157959
331871,240.4210663,,325016,187.8736877
331975,231.8315735,,325116,191.2421112
332171,231.3263245,,325217,190.7368317
332279,200.8421021,,325417,191.5789642
332472,137.2631531,,325517,190.4842072
332583,150.5684204,,325717,191.4105225
332773,95.24211121,,325818,189.6421051
332883,54.3157959,,326018,189.8947449
333073,215.2421112,,326118,190.1473694
333187,242.3578949,,326319,187.53685
333374,244.8000031,,326459,upBottom2
333482,245.0526276,,326444,188.4631653
333675,243.1999969,,326523,188.8842163
333795,242.4421082,,326719,187.7894745
334076,243.1999969,,326827,188.3789368
334176,242.7789612,,327029,189.6421051
334278,upBottom4,,327129,188.9684143
334278,241.5157928,,327331,189.0526276
334577,241.8526306,,327531,189.8947449
334677,241.5157928,,327732,185.6000061
334878,242.4421082,,327832,83.62106323
334978,242.7789612,,328032,13.6421051
335178,242.9473572,,328135,6.56842041
335279,243.1999969,,328333,14.98947144
335479,242.2736664,,328433,70.23158264
335579,241.2631531,,328539,186.5263214
335780,232.2526245,,328734,190.9894714
335880,231.0736847,,328835,190.5684357
336081,203.3684387,,329035,190.3999939
336181,126.8210602,,329135,191.0736694
336381,131.4526367,,329335,190.4842072
336482,123.957901,,329436,190.8210602
336682,72.92631531,,329543,188.9684143
336782,52.12631226,,329736,189.2210693
337083,244.5473633,,329844,188.5473785
337283,242.8631592,,330037,188.2947388
337384,244.9684143,,330166,188.7157745
337585,244.5473633,,330337,187.957901
337685,242.8631592,,330448,188.5473785
337886,242.2736664,,330638,188.8000031
337989,242.1894684,,330768,upBottom3
338186,240.8421021,,330752,188.3789368
338286,240.2526245,,330846,187.957901
338487,239.8315735,,331040,188.3789368
338587,241.3473663,,331151,188.8000031
338788,242.6947327,,331341,187.705246
338788,upBottom5,,331450,189.8947449
338888,242.4421082,,331641,189.8105316
339088,241.8526306,,331743,189.1368408
339188,242.8631592,,331847,189.9789429
339389,242.7789612,,332143,184.5052795
339489,242.6105194,,332143,82.61053467
339690,242.2736664,,332444,16.16842651
339790,242.9473572,,332544,4.715789795
339991,243.0315857,,332745,20.042099
340091,237.8947296,,332845,160.7578888
340291,231.3263245,,332945,187.2842102
340392,227.8736877,,333145,190.3999939
340592,181.6420898,,333245,190.9052734
340692,127.4105377,,333446,190.4842072
340893,129.1789398,,333546,190.3157959
340993,133.5578918,,333746,188.2947388
341193,80.25263977,,333847,188.9684143
341294,47.83157349,,333947,189.2210693
341494,118.2315826,,334147,188.4631653
341594,243.8736877,,334248,187.7894745
341795,240.8421021,,334278,upBottom4
341895,243.3684235,,334448,187.3684082
342096,242.8631592,,334548,187.2842102
342196,242.6947327,,334749,188.042099
342396,240.8421021,,334849,187.8736877
342501,241.4315948,,334949,187.2000122
342602,upBottom6,,335149,189.6421051
342698,240.8421021,,335250,188.8000031
342797,239.7473755,,335450,188.5473785
343002,239.5789337,,335550,188.7157745
343098,242.1052704,,335750,186.9473724
343299,241.8526306,,335851,100.1263123
343399,242.3578949,,336051,33.51579285
343599,242.6947327,,336152,4.715789795
343700,242.3578949,,336352,8
343900,241.9368286,,336452,26.02105713
344000,236.9684143,,336552,120.7579041
344201,227.7894592,,336753,185.3473511
344301,231.1578827,,336853,190.4842072
344502,230.5684204,,337053,191.2421112
344602,200.1684113,,337153,191.0736694
344802,133.4736786,,337253,190.3157959
344902,124.8000031,,337455,190.8210602
345103,62.73684692,,337555,190.1473694
345303,51.87368774,,337756,188.9684143
345404,84.80000305,,337856,188.8842163
345504,233.2631531,,338056,188.5473785
345704,241.0105286,,338256,187.8736877
345805,244.5473633,,338459,187.2842102
346012,243.9578857,,338563,187.2000122
346115,242.4421082,,338763,188.3789368
346307,244.042099,,338788,upBottom5
346414,241.6842041,,339063,188.042099
346618,240.1684265,,339264,188.2947388
346708,upBottom7,,339465,189.6421051
346809,239.4105377,,339565,188.7157745
346909,238.5684052,,339765,188.2105408
347120,239.6631622,,339866,189.8947449
347210,239.4105377,,340066,189.6421051
347410,240.8421021,,340166,188.5473785
347510,242.6105194,,340367,179.7894897
347711,242.3578949,,340467,45.05262756
347811,244.8000031,,340667,13.81053162
348012,241.6842041,,340769,5.810531616
348113,234.2736816,,340868,4.210525513
348312,227.7052612,,341068,29.55789185
348413,222.9894714,,341168,189.1368408
348613,130.6947327,,341369,188.9684143
348713,126.9052734,,341469,190.7368317
348914,122.9473724,,341569,190.3157959
349014,128.5052643,,341869,190.3999939
349214,126.4842072,,342170,189.7263031
349315,124.1263123,,342371,188.8842163
349515,133.8105316,,342471,188.5473785
349615,91.62106323,,342571,187.621048
349816,52.37895203,,342602,upBottom6
349916,223.4105225,,342773,187.705246
350117,241.4315948,,342875,187.7894745
350217,245.2210541,,343175,189.2210693
350418,244.8842163,,343477,188.8000031
350518,243.8736877,,343576,188.4631653
350721,243.115799,,343777,189.2210693
350846,242.6105194,,343877,189.0526276
351021,240.5052643,,344077,188.6315765
351122,240.2526245,,344177,184.5052795
351322,238.7368469,,344378,167.8315735
351422,240.5894623,,344488,45.47367859
351626,upBottom8,,344679,12.21052551
351626,241.0105286,,344779,5.557891846
351722,239.8315735,,344879,15.91578674
351923,241.3473663,,345079,86.14736938
352023,240.9263,,345180,185.0947418
352223,243.115799,,345380,188.2947388
352324,242.1894684,,345485,190.2315826
352524,242.5263214,,345684,189.6421051
352632,243.115799,,345784,190.4842072
352827,242.7789612,,345884,190.7368317
352928,242.9473572,,346085,190.4842072
353140,244.042099,,346185,188.6315765
353230,242.6947327,,346385,187.7894745
353432,242.4421082,,346485,187.8736877
353534,241.7684326,,346708,upBottom7
353734,232.0000153,,346686,187.2842102
353837,227.7052612,,346786,186.7789459
354038,228.5473633,,346889,186.9473724
354149,206.4000092,,347087,187.2000122
354340,141.5578918,,347194,187.4526367
354442,131.957901,,347387,187.621048
354653,134.2315826,,347496,187.8736877
354776,78.98947144,,347688,188.4631653
354943,48.92631531,,347788,188.9684143
355054,90.02105713,,347900,189.1368408
355244,241.5157928,,348190,175.8315735
355347,241.4315948,,348391,66.02105713
355544,243.8736877,,348491,8
355654,243.3684235,,348691,3.70526123
355845,244.378952,,348791,4.715789795
355955,243.8736877,,349092,6.147369385
356146,241.8526306,,349208,5.473678589
356255,240.5052643,,349398,4.547363281
356447,240.2526245,,349498,41.34736633
356447,upBottom9,,349702,181.1368561
356547,241.0947418,,349818,189.2210693
356748,240.1684265,,350004,190.1473694
356863,241.4315948,,350104,191.1578979
357048,242.2736664,,350204,190.2315826
357148,242.4421082,,350405,189.7263031
357349,244.042099,,350505,189.6421051
357450,243.0315857,,350806,188.1263123
357651,242.4421082,,351006,187.7894745
357753,242.1894684,,351106,187.4526367
357954,238.4000092,,351207,188.042099
358056,229.2210541,,351507,187.7894745
358255,229.3894806,,351626,upBottom8
358358,202.1894684,,351708,188.042099
358556,127.4947357,,351808,188.4631653
358656,124.8842163,,352014,188.3789368
358856,128.421051,,352115,188.4631653
358959,116.8000031,,352215,189.1368408
359157,53.38948059,,352418,189.2210693
359358,56,,352518,189.1368408
359466,163.621048,,352719,188.5473785
359565,240.4210663,,352833,188.8000031
359758,241.9368286,,353019,189.2210693
359868,243.115799,,353120,188.8842163
360160,242.8631592,,353220,189.2210693
360267,241.8526306,,353420,190.3999939
360375,242.1052704,,353526,189.1368408
360575,239.3263092,,353721,187.705246
360676,upBottom10,,353828,151.4105225
360676,238.4000092,,354021,112.336853
361066,239.8315735,,354122,18.86315918
361266,240.1684265,,354322,6.063156128
361366,242.1894684,,354422,5.389480591
361567,242.7789612,,354534,18.52632141
361868,243.4526367,,354723,139.1999969
361968,241.7684326,,354836,187.3684082
362168,242.6105194,,355024,189.9789429
362269,240.6736908,,355135,191.3263092
362469,232.0842133,,355325,190.3157959
362569,228.8842163,,355525,189.8105316
362770,227.7894592,,355731,190.5684357
362870,214.3999939,,355840,189.8947449
363071,156.5473633,,356034,188.4631653
363171,153.4315796,,356134,188.8000031
363371,115.7052612,,356335,187.4526367
363472,51.11579895,,356435,187.0315704
363672,129.0105286,,356447,upBottom9
363772,240.9263,,356556,188.5473785
363973,242.6105194,,356735,187.7894745
364073,244.042099,,356863,187.4526367
364274,242.8631592,,357036,188.8842163
364374,242.6105194,,357156,188.6315765
364574,241.8526306,,357337,189.2210693
364675,244.2947235,,357444,189.9789429
364875,242.0210571,,357563,188.9684143
364987,243.4526367,,357738,189.8947449
365276,242.6105194,,357844,190.2315826
365477,244.1263275,,358039,188.3789368
365587,241.8526306,,358159,147.3684235
365777,244.042099,,358341,28.29473877
365878,243.4526367,,358461,16.75788879
365978,downBottom1,,358642,10.44210815
366078,241.5999908,,358778,3.621047974
366178,242.6947327,,358879,7.494735718
366379,243.4526367,,359143,185.1789551
366479,242.1894684,,359343,185.7684174
366679,243.1999969,,359479,190.5684357
366780,244.2105255,,359644,189.8947449
366980,243.3684235,,359766,190.9894714
367080,244.1263275,,359860,189.6421051
367281,243.0315857,,360045,189.8947449
367381,241.0947418,,360147,188.042099
367582,235.0315857,,360345,188.1263123
367682,242.4421082,,360460,188.2105408
367882,205.8947296,,360676,upBottom10
367983,131.4526367,,360648,186.9473724
368183,131.1157837,,360756,187.2000122
368283,130.1894684,,360869,186.9473724
368484,101.7263184,,361061,188.1263123
368584,49.76841736,,361171,189.0526276
368785,27.11578369,,361351,188.7157745
368885,16.6736908,,361467,189.1368408
369085,126.4000092,,361651,188.4631653
369186,245.4736938,,361852,188.5473785
369386,245.8947296,,361953,188.4631653
369487,244.9684143,,362153,188.8000031
369687,242.6105194,,362253,188.3789368
369788,242.1052704,,362453,187.53685
369988,242.3578949,,362554,141.4736786
370089,243.0315857,,362754,51.87368774
370189,downBottom2,,362854,14.56842041
370290,244.1263275,,363055,2.526321411
370390,241.5157928,,363155,3.621047974
370590,243.1999969,,363255,53.13684082
370690,244.2105255,,363455,180.9684143
370891,242.7789612,,363555,189.0526276
370991,242.1052704,,363756,191.2421112
371191,242.5263214,,363856,190.8210602
371292,235.1157837,,363956,189.9789429
371492,236.0421143,,364160,190.8210602
371592,239.1578979,,364257,191.4105225
371793,144.421051,,364457,190.2315826
371893,132.6315765,,364558,189.7263031
372094,134.5684204,,364758,189.1368408
372194,110.1473694,,364858,190.5684357
372394,40.16842651,,365059,189.0526276
372595,25.43157959,,365159,189.8947449
372695,21.97894287,,365259,188.1263123
372895,191.0736694,,365460,189.1368408
372996,247.1578979,,365560,188.7157745
373196,244.5473633,,365762,189.8947449
373296,243.3684235,,365862,188.9684143
373497,242.7789612,,365978,downBottom1
373597,243.8736877,,366062,187.957901
373798,242.3578949,,366163,188.8842163
373798,downBottom3,,366263,189.2210693
373898,242.6947327,,366463,188.4631653
374098,241.2631531,,366563,188.3789368
374199,242.1894684,,366764,189.9789429
374399,243.9578857,,367064,190.0631409
374500,242.9473572,,367164,190.3157959
374700,243.3684235,,367264,189.0526276
374800,243.2841949,,367465,189.9789429
375001,241.0105286,,367565,185.7684174
375101,231.8315735,,367766,186.4421082
375301,240.5894623,,367866,125.6421051
375402,216.5894775,,368066,63.15789795
375602,131.5368347,,368166,44.54736328
375703,133.8105316,,368367,40.58947754
375903,131.7894745,,368467,71.41053772
376003,80.08421326,,368567,172.4631653
376204,42.27368164,,368767,190.5684357
376307,9.936843872,,368868,191.0736694
376504,10.69473267,,369068,190.6526337
376811,243.1999969,,369168,190.1473694
376925,244.378952,,369369,190.6526337
377109,243.9578857,,369469,190.5684357
377209,243.0315857,,369569,189.7263031
377409,244.4631653,,369770,189.1368408
377510,242.0210571,,369870,188.2947388
377719,240.8421021,,370070,189.1368408
377824,downBottom4,,370170,188.8000031
377824,240.6736908,,370189,downBottom2
378020,241.3473663,,370371,188.2105408
378120,241.8526306,,370471,188.4631653
378325,242.1894684,,370571,187.7894745
378421,242.7789612,,370772,189.1368408
378621,242.9473572,,370872,188.8000031
378922,244.042099,,371073,189.9789429
379022,242.2736664,,371173,190.2315826
379223,234.5263062,,371374,190.0631409
379332,232.505249,,371474,182.2315826
379524,243.115799,,371574,149.5578918
379624,221.2210693,,371775,59.87368774
379825,160.1684265,,371875,43.53684998
379925,111.2421112,,372075,39.83157349
380125,38.73684692,,372175,57.93684387
380226,21.30526733,,372376,190.2315826
380426,16.42105103,,372476,190.0631409
380526,144.5052643,,372779,190.5684357
380727,245.2210541,,372879,190.9052734
380827,244.6315613,,373080,191.0736694
381028,242.7789612,,373184,190.7368317
381132,242.3578949,,373382,189.6421051
381335,243.1999969,,373483,189.8105316
381631,downBottom5,,373583,188.4631653
381631,242.1894684,,373783,187.705246
381931,240.5894623,,373883,188.2105408
382031,241.5157928,,373798,downBottom3
382232,242.7789612,,374084,188.6315765
382339,244.2947235,,374194,189.8105316
382533,243.2841949,,374384,189.1368408
382633,242.2736664,,374485,189.0526276
382844,235.1999969,,374685,189.2210693
382934,238.7368469,,374785,189.8947449
383135,239.2420959,,374885,189.2210693
383235,146.9473724,,375086,185.6842041
383437,130.1052704,,375186,183.578949
383539,133.5578918,,375386,150.0631561
383738,105.2631683,,375487,54.73684692
383841,31.15789795,,375687,39.15789795
384039,5.894729614,,375787,41.68421936
384239,3.199996948,,375987,82.18948364
384352,23.07368469,,376088,172.8000031
384540,244.5473633,,376188,187.0315704
384656,244.4631653,,376388,189.6421051
384758,243.2841949,,376488,190.5684357
384941,243.0315857,,376689,190.3999939
385060,243.1999969,,377292,187
385241,244.042099,,377399,19.70526123
385367,downBottom6,,377592,188.8842163
385459,242.6947327,,377793,189.2210693
385554,242.3578949,,377824,downBottom4
385744,242.9473572,,377993,188.7157745
385862,242.5263214,,378093,188.6315765
386044,242.1052704,,378293,188.042099
386167,242.8631592,,378394,188.9684143
386345,242.7789612,,378594,189.0526276
386462,242.1052704,,378694,189.6421051
386746,234.2736816,,378895,190.2315826
386846,238.2315674,,378995,188.8842163
387046,179.0315857,,379095,189.2210693
387146,131.621048,,379296,185.2631531
387347,131.1157837,,379396,182.4842224
387447,131.8736877,,379596,141.4736786
387647,131.3684235,,379696,58.52632141
387747,55.32632446,,379897,44.21052551
387948,16.75788879,,379997,86.90527344
388048,6.736846924,,380097,185.0947418
388248,6.821060181,,380298,189.6421051
388348,210.7789612,,380398,190.9052734
388549,245.2210541,,380598,190.6526337
388649,242.9473572,,380699,190.0631409
388850,242.2736664,,380899,190.3999939
388950,243.2841949,,380999,190.6526337
389150,242.9473572,,381099,189.8105316
389150,downBottom7,,381300,189.7263031
389255,243.4526367,,381400,188.3789368
389452,241.0947418,,381600,189.0526276
389551,241.4315948,,381631,downBottom5
389751,243.0315857,,381712,188.1263123
389851,242.6947327,,381901,188.7157745
390052,243.8736877,,382001,188.6315765
390152,242.4421082,,382101,188.9684143
390352,234.6105194,,382302,189.8947449
390453,237.4736786,,382402,189.2210693
390653,212.5473633,,382703,189.8105316
390753,130.6947327,,382903,187.8736877
390954,129.7684174,,383003,182.2315826
391054,130.1052704,,383203,155.7894745
391254,139.2842102,,383303,73.51579285
391355,153.0105286,,383404,44.12631226
391555,65.34736633,,383604,42.44210815
391655,11.70526123,,383708,48.6736908
391855,9.263153076,,383904,164.5473633
391955,41.51579285,,384008,188.6315765
392156,239.4105377,,384209,190.0631409
392256,245.9789429,,384305,190.1473694
392457,243.9578857,,384406,190.2315826
392557,243.0315857,,384606,190.5684357
392757,242.0210571,,384716,189.7263031
392857,242.6105194,,384907,189.0526276
392857,downBottom8,,385007,188.2947388
393057,242.3578949,,385216,189.2210693
393158,242.1052704,,385308,188.8842163
393359,242.3578949,,385367,downBottom6
393459,243.1999969,,385408,187.7894745
393660,242.6105194,,385609,188.4631653
393760,242.5263214,,385909,188.8000031
393960,235.4526367,,386010,187.957901
394060,236.7158051,,386211,188.8842163
394261,182.9052582,,386314,190.8210602
394361,131.2842102,,386410,189.7263031
394561,130.1052704,,386611,188.2947388
394661,132.7157898,,386716,181.6420898
394862,141.8947296,,386913,103.8315887
394962,113.4315796,,387021,38.56842041
395163,34.61053467,,387514,39.57894897
395363,8.421051025,,387714,186.5263214
395463,4.378952026,,387915,190.7368317
395663,123.4526367,,388018,190.5684357
395764,245.8947296,,388218,190.7368317
395864,243.3684235,,388317,189.7263031
396064,243.2841949,,388517,190.7368317
396164,242.1894684,,388617,189.8947449
396365,242.7789612,,388918,188.8000031
396467,downBottom9,,389018,188.2947388
396467,242.4421082,,389150,downBottom7
396666,242.7789612,,389319,188.8842163
396766,242.6105194,,389520,189.1368408
397267,241.9368286,,389621,188.6315765
397467,243.0315857,,389729,189.7263031
397567,240.9263,,389921,188.3789368
397768,232.9263153,,390022,189.2210693
397868,238.5684052,,390222,189.8105316
398068,147.1999969,,390325,183.494751
398169,130.7789459,,390523,159.6631622
398369,131.957901,,390632,59.03158569
398469,134.9052582,,390824,40.75790405
398670,137.5157928,,390947,41.09474182
398770,81.76841736,,391024,48
398971,25.34736633,,391224,49.34736633
399071,2.778945923,,391341,63.15789795
399271,14.3999939,,391527,179.4526367
399371,228.46315,,391633,190.4842072
399572,244.9684143,,391728,191.0736694
399672,242.6947327,,391928,190.0631409
399872,242.1052704,,392055,190.3999939
399976,242.8631592,,392229,190.9894714
400173,downBottom10,,392345,188.9684143
400173,242.2736664,,392529,188.2947388
400276,242.3578949,,392649,188.7157745
400473,241.0947418,,392830,188.1263123
400573,241.2631531,,392857,downBottom8
400774,243.3684235,,392958,188.4631653
400874,242.1894684,,393044,188.2947388
401074,242.2736664,,393332,188.4631653
401174,235.2842102,,393532,188.7157745
401375,235.621048,,393645,189.9789429
401476,134.1473694,,393834,190.0631409
401675,131.4526367,,393942,185.7684174
401978,132.8842163,,394051,143.0736847
402076,125.0526428,,394234,41.68421936
402276,37.81053162,,394345,39.91578674
402376,27.78947449,,394535,38.90525818
402577,15.66316223,,394647,39.32632446
402677,168.3368378,,394836,38.98947144
402877,244.5473633,,395039,186.7789459
402987,243.4526367,,395239,190.9052734
403178,243.115799,,395376,190.7368317
403491,243.1999969,,395643,189.7263031
403579,241.5157928,,395845,190.3999939
403780,240.6736908,,395956,189.0526276
403882,240.3368378,,396067,189.2210693
404080,239.5789337,,396245,188.8842163
404189,239.7473755,,396349,188.1263123
404382,239.4105377,,396467,downBottom9
404493,241.3473663,,396546,188.4631653
,,,396648,187.957901
,,,396948,187.705246
,,,397048,188.042099
,,,397149,188.7157745
,,,397452,188.2947388
,,,397652,189.8947449
,,,397752,182.3999939
,,,397953,136
,,,398053,54.73684692
,,,398254,51.70526123
,,,398254,57.93684387
,,,398557,61.6421051
,,,398657,57.85263062
,,,398758,124.0421143
,,,398960,187.3684082
,,,399060,189.2210693
,,,399261,190.3999939
,,,399364,190.4842072
,,,399464,190.0631409
,,,399664,190.2315826
,,,399765,189.2210693
,,,399968,189.1368408
,,,400068,187.8736877
,,,400173,downBottom10
,,,400169,188.4631653
,,,400369,188.1263123
,,,400469,187.53685
,,,400670,188.5473785
,,,400770,188.3789368
,,,400971,188.9684143
,,,401071,189.8947449
,,,401271,188.6315765
,,,401371,167.1578979
,,,401472,49.93684387
,,,401672,39.15789795
,,,401772,39.24211121
,,,401972,39.15789795
,,,402073,39.66316223
,,,402273,135.4947357
,,,402373,189.7263031
,,,402574,191.2421112
,,,402674,190.8210602
,,,402774,190.6526337
,,,402975,190.4842072
,,,403075,190.0631409
,,,403275,189.8947449
,,,403375,188.6315765
,,,403576,189.1368408
,,,403676,187.957901
,,,403776,187.621048
,,,403977,187.2842102
,,,404077,186.6947327
,,,404277,186.9473724
,,,404379,187.53685
,,,404579,187.7894745
,,,404679,187.2000122
,,,404779,187.7894745
