,nexus7-2013-amiyoshi
116788,195.4526215
116927,198.9894867
5799,201.0105438
5899,196.042099
6100,195.3684235
6200,200.505249
6300,200.0842133
6501,194.6947327
6601,196.9684296
6801,200.6736908
6904,197.8105164
7102,195.3684235
7205,198.3157959
7306,201.2631531
7502,196.378952
7803,200.2526245
7910,200.6736908
8103,197.9789581
8212,200.1684113
8319,204.378952
8504,203.1157837
8615,198.7368469
8905,202.0210571
9005,205.6421051
9206,200.505249
9306,197.3052673
9406,199.7473755
9607,201.5157776
9708,197.3894806
9908,195.1999969
10008,201.0105438
10209,201.1789398
10309,196.46315
10410,197.2210541
10610,201.2631531
10710,200.421051
10911,196.46315
11012,198.5684204
11213,202.3579102
11313,199.3263245
11413,196.2105255
11613,200.0000153
11713,202.0210571
11914,196.378952
12014,194.6105347
12214,160.5894775
12314,84.63157654
12515,72.75790405
12615,78.56842041
12715,63.32632446
12916,91.19999695
13016,175.0737
13216,197.3052673
13316,201.3473816
13525,198.8210449
13620,196.6315918
13720,199.2421112
13921,202.6105194
14021,197.4736786
14221,197.5578918
14322,201.0947418
14522,201.8526154
14622,197.3894806
14723,198.0631561
14923,203.1999969
15024,199.7473755
15224,197.6421204
15324,199.1578827
15524,203.5368347
15625,198.8210449
15725,197.0526276
15926,200.8421021
16026,201.7684174
16226,198.3157959
16327,197.9789581
16527,201.6842194
16627,199.3263245
16728,195.1999969
16928,181.0526276
17029,75.45263672
17229,37.97894287
17330,37.30526733
17530,43.70526123
17630,158.9052582
17731,195.3684235
17932,194.4420929
18032,200.0842133
18232,200.8421021
18333,197.2210541
18533,197.3052673
18633,201.2631531
18934,196.9684296
19035,197.2210541
19236,202.0210571
19336,199.7473755
19536,197.2210541
19637,198.9052582
19837,202.6105194
19938,199.3263245
20039,196.9684296
20238,199.8315735
20339,200.8421021
20540,197.3052673
20639,172.4631653
20840,118.5684204
20940,93.13684082
21045,89.26316833
21241,77.72631836
21342,123.7052612
21545,189.0526276
21643,195.1999969
21843,198.6526489
21943,201.1789398
22054,198.3157959
22246,195.1157837
22348,200.0000153
22556,202.3579102
22649,197.3894806
22850,197.2210541
22952,201.6000061
23062,201.2631531
23253,196.9684296
23355,197.7263184
23563,202.6105194
23656,200.5894775
23857,196.7999878
23958,198.5684204
24069,201.5157776
24261,193.6000061
24362,109.9789581
24571,73.51579285
24664,62.73684692
24864,55.15789795
24968,164.5473633
25084,200.0842133
25267,198.5684204
25370,195.0315857
25578,198.6526489
25671,201.2631531
25871,198.6526489
25973,196.042099
26083,200.0842133
26274,201.5157776
26375,196.7999878
26582,197.4736786
26676,201.6000061
26877,198.4842072
26977,196.294754
27092,200.336853
27281,202.0210571
27382,197.9789581
27590,196.9684296
27684,201.1789398
27885,201.2631531
27986,196.46315
28186,169.0947418
28287,80.6736908
28388,82.77894592
28594,72
28689,155.2842102
28889,200.2526245
28990,196.2105255
29191,196.294754
29291,200.7578888
29391,198.8210449
29606,196.2105255
29693,198.6526489
29893,201.8526154
29993,198.5684204
30206,197.2210541
30306,200.7578888
30406,201.8526154
30607,197.3052673
30707,197.8947296
30907,202.1052704
31009,198.9894867
31210,196.1263123
31311,200.336853
31412,201.4315796
31613,198.3157959
31719,196.7157898
31915,201.5157776
32018,200.7578888
32217,196.9684296
32319,197.4736786
32419,202.1894684
32619,200.9263153
32719,196.7157898
32922,200.1684113
33024,202.0210571
33224,196.042099
33327,129.6842041
33428,84.12631226
33628,83.11579895
33730,90.86315918
33931,146.6947327
34031,178.0210571
34232,199.1578827
34334,196.378952
34432,199.8315735
34633,202.1052704
34734,196.7999878
34936,197.3052673
35036,201.2631531
35236,201.0947418
35336,197.0526276
35437,198.3157959
35637,202.3579102
35737,199.2421112
35938,196.378952
36038,199.2421112
36239,202.6947479
36339,196.7157898
36439,149.5578918
36640,93.05264282
36741,85.05264282
36941,82.44210815
37041,113.2631683
37241,174.5684052
37342,197.8105164
37542,197.6421204
37645,198.4842072
37744,201.7684174
37945,198.9052582
38045,196.8842163
38246,200.2526245
38346,201.8526154
38547,197.8105164
38649,196.7157898
38748,201.2631531
38948,201.6000061
39049,196.7999878
39249,197.8105164
39350,201.9368439
39550,199.1578827
39650,197.3052673
39750,198.3157959
39950,200.336853
40050,164.6315765
40254,104.6736908
40360,86.40000916
40555,83.11579895
40689,83.957901
40755,124.1263123
40956,186.7789459
41056,200.505249
41256,196.294754
41367,197.9789581
41560,202.1894684
41668,198.9894867
41770,196.5473633
41962,199.1578827
42071,202.0210571
42264,197.7263184
42373,196.9684296
42566,201.2631531
42675,201.1789398
42777,197.1368256
42970,198.6526489
43075,202.0210571
43271,199.3263245
43376,190.3157959
43571,117.7263184
43672,93.81053162
43787,90.02105713
43977,90.18948364
44087,134.3999939
44278,194.2736969
44388,198.3999939
44579,196.46315
44690,200.6736908
44886,201.5157776
44986,196.8842163
45091,196.378952
45287,201.6000061
45395,200.9263153
45588,197.0526276
45698,198.6526489
45893,203.3684387
45993,200.0842133
46098,196.6315918
46294,199.8315735
46403,202.1052704
46595,196.294754
46705,117.3894806
46901,84.88421631
47002,81.93684387
47108,80.6736908
47303,87.83158875
47409,165.3052673
47603,197.1368256
47711,196.294754
47907,196.6315918
48007,201.3473816
48107,201.0105438
48308,195.6210632
48408,197.6421204
48609,201.7684174
48718,198.2315826
48909,196.2105255
49014,198.6526489
49121,201.6842194
49312,197.2210541
49423,196.294754
49614,199.3263245
49726,201.2631531
49916,196.8842163
50016,197.3052673
50126,201.0947418
50320,199.7473755
50429,196.5473633
50625,197.3052673
50734,201.3473816
50929,200.2526245
51029,195.2842255
51137,143.0736847
51331,20.71578979
51440,5.13684082
51631,5.052627563
51742,57.34736633
51934,188.2947388
52043,197.0526276
52144,196.6315918
52337,201.2631531
52446,200.2526245
52637,196.294754
52748,197.7263184
52938,200.6736908
53038,200.0000153
53240,196.7999878
53358,198.9894867
53440,201.4315796
53646,198.1473541
53745,196.042099
53946,201.3473816
54046,200.8421021
54246,195.6210632
54347,81.85263062
54447,4.210525513
54647,1.936843872
54747,21.89474487
54948,185.0105133
55048,202.5263062
55248,200.1684113
55349,197.3894806
55449,199.1578827
55649,201.8526154
55756,198.2315826
55950,195.1157837
56055,200.5894775
56651,197
56777,21.13684082
56877,196.7999878
57052,200.0000153
57177,177.1789398
57280,9.515792847
57453,1.178939819
57571,2.86315918
57754,44.80000305
57885,204.1263123
58056,196.7157898
58184,201.9368439
58285,200.336853
58457,195.3684235
58587,199.2421112
58758,201.6000061
58863,197.3894806
59060,196.46315
59188,202.1894684
59293,201.5157776
59462,196.6315918
59597,196.7157898
59763,201.3473816
59870,200.336853
60066,196.6315918
60170,197.6421204
60270,96.16842651
60469,6.484207153
60572,4.800003052
60770,6.989471436
60875,73.68421936
61072,197.0526276
61176,196.9684296
61277,201.9368439
61574,200.9263153
61675,196.7999878
61876,196.7157898
61976,201.2631531
62176,199.8315735
62277,196.378952
62478,199.2421112
62578,201.7684174
62679,197.8947296
62879,196.294754
62979,200.0842133
63180,201.3473816
63280,195.1999969
63480,95.15789795
63580,7.326309204
63781,3.621047974
63881,5.978942871
64182,201.2631531
64282,199.8315735
64482,196.042099
64582,198.6526489
64682,201.5157776
64883,197.8105164
64983,196.46315
65183,198.3157959
65284,200.5894775
65484,197.1368256
65584,194.9473724
65684,200.336853
65885,200.1684113
65985,196.294754
66286,200.8421021
66487,200.0000153
66587,196.2105255
66687,198.5684204
66889,200.6736908
66988,198.3157959
67188,196.294754
67288,198.2315826
67489,201.2631531
67589,198.1473541
67689,196.042099
67897,199.8315735
67990,201.5157776
68190,197.1368256
68290,196.9684296
68491,199.8315735
68591,200.9263153
68691,195.4526215
68892,197.3052673
68992,201.4315796
69192,200.5894775
69292,196.5473633
69493,198.5684204
69593,200.8421021
69693,196.378952
69894,194.7789307
69994,200.336853
70194,201.2631531
70295,187.2842102
70496,99.19999695
70596,16.42105103
70797,22.73684692
70897,40.84210205
70997,56.58947754
71198,176.9263
71298,197.8947296
71499,197.3052673
71599,200.421051
71800,201.7684174
71901,197.3052673
72002,196.7157898
72202,200.0842133
72303,200.7578888
72503,196.5473633
72605,198.0631561
72806,201.6000061
72908,198.2315826
73008,195.3684235
73209,199.8315735
73310,200.9263153
73510,194.6947327
73610,172.4631653
73811,150.7368469
73914,92.96842957
74015,89.17895508
74216,93.55789185
74318,145.8526306
74518,196.378952
74619,196.042099
74820,199.8315735
74920,202.4421082
75026,197.0526276
75221,197.2210541
75321,201.6842194
75521,200.0000153
75621,195.4526215
75822,197.0526276
75922,201.4315796
76022,197.3894806
76222,195.4526215
76323,198.9052582
76523,200.9263153
76624,195.0315857
76824,182.7368469
76925,158.1473694
77025,123.3684235
77225,97.68421936
77326,99.03158569
77526,110.9052734
77631,174.9052582
77827,195.1999969
77927,198.7368469
78032,201.6842194
78228,197.5578918
78328,196.7157898
78529,201.2631531
78629,200.5894775
78830,196.9684296
78933,198.6526489
79033,202.1894684
79231,198.1473541
79333,196.042099
79532,200.0842133
79637,202.1894684
79832,197.6421204
79933,196.8842163
80133,200.0842133
80233,174.5684052
80333,151.4947357
80534,98.10527039
80636,100.378952
80834,96
80938,104.2526398
81135,177.0947418
81236,201.3473816
81336,197.9789581
81536,197.7263184
81654,201.9368439
81837,200.1684113
81955,196.1263123
82138,199.3263245
82256,203.2842102
82358,197.8105164
82540,196.8842163
82659,201.1789398
82843,199.9157867
82963,197.2210541
83147,197.4736786
83265,201.7684174
83366,198.1473541
83548,196.7157898
83666,197.8947296
83850,161.8526306
83969,131.5368347
84151,77.97895813
84270,83.45263672
84371,83.19999695
84553,119.1578979
84673,193.0105286
84854,201.6000061
84974,197.1368256
85155,197.3052673
85276,201.6000061
85377,200.1684113
85556,197.1368256
85666,198.9894867
85856,201.7684174
85982,197.4736786
86157,196.1263123
86285,201.7684174
86385,199.3263245
86558,196.294754
86689,198.3999939
86859,202.1052704
86990,197.0526276
87161,196.1263123
87292,200.8421021
87392,200.421051
87561,195.0315857
87667,198.4842072
87864,202.2736816
87998,197.3894806
88167,196.1263123
88300,201.3473816
88402,200.505249
88568,196.7999878
88674,197.4736786
88871,201.5157776
89006,198.3999939
89174,196.9684296
89310,200.8421021
89475,200.9263153
89611,196.9684296
89681,197.0526276
89879,201.1789398
90013,198.9052582
90181,196.2105255
90315,200.0842133
90482,201.2631531
90616,196.294754
90688,198.4842072
90884,180.4631653
91020,9.347366333
91185,3.452636719
91316,3.368423462
91486,2.273681641
91590,4.631576538
91889,200.9263153
92089,198.6526489
92289,196.9684296
92390,200.7578888
92590,203.2842102
92691,197.0526276
92791,199.0736847
92991,202.6105194
93092,199.0736847
93292,196.8842163
93393,200.8421021
93593,201.9368439
93693,196.294754
93794,197.7263184
93994,202.1052704
94095,198.6526489
94296,196.294754
94396,199.7473755
94597,187.2842102
94697,32.42105103
94898,5.305267334
95098,5.726318359
95305,4.042098999
95405,5.894729614
95606,125.2210541
95706,195.1999969
95806,198.6526489
96006,203.2842102
96107,198.1473541
96307,196.7999878
96407,200.421051
96608,201.6842194
96709,196.7999878
96809,198.7368469
97010,203.4526367
97110,197.8105164
97310,195.5368347
97411,200.8421021
97611,200.505249
97717,196.378952
97812,197.2210541
98013,201.7684174
98113,196.7999878
98313,196.042099
98413,200.505249
98614,200.5894775
98714,187.1157837
98814,54.82106018
99014,4.126312256
99115,2.947372437
99315,4.884216309
99415,7.915786743
99616,45.13684082
99716,182.7368469
99916,197.1368256
100016,202.6105194
100116,198.3157959
100317,196.294754
100417,200.9263153
100618,200.8421021
100718,196.6315918
100918,198.8210449
101019,202.3579102
101120,198.1473541
101320,197.3894806
101420,200.7578888
101621,200.505249
101721,195.6210632
101922,198.9052582
102022,202.2736816
102122,197.9789581
102322,196.8842163
102423,201.0105438
102623,198.3999939
102730,155.1999969
102924,12.46316528
103024,5.557891846
103230,4.547363281
103326,4.800003052
103427,5.389480591
103627,25.6842041
103740,181.1368561
103929,198.9052582
104029,201.7684174
104129,197.1368256
104330,197.3052673
104432,201.7684174
104632,199.0736847
104744,196.5473633
104933,198.9052582
105037,201.8526154
105138,196.5473633
105338,197.8105164
105440,202.2736816
105640,198.9052582
105751,196.1263123
105941,198.8210449
106043,201.6842194
106144,196.7157898
106344,182.7368469
106446,82.10527039
106646,17.01052856
106759,12.042099
106949,12.12631226
107050,13.05262756
107258,13.22105408
107452,198.5684204
107654,197.7263184
107765,196.294754
107956,199.7473755
108057,201.9368439
108157,196.5473633
108358,196.46315
108460,201.6000061
108660,197.9789581
108771,196.6315918
108963,199.0736847
109064,201.3473816
109273,196.46315
109366,196.9684296
109467,201.6000061
109669,199.2421112
109772,195.6210632
109970,200.0842133
110072,201.1789398
110279,196.46315
110372,197.0526276
110472,201.2631531
110673,199.0736847
110790,195.6210632
110979,199.9157867
111079,201.6000061
111288,196.6315918
111381,197.0526276
111481,201.3473816
111682,198.3999939
111794,196.1263123
111983,198.1473541
112084,201.4315796
112288,196.8842163
112390,197.7263184
112490,201.5157776
112690,198.0631561
112802,195.5368347
112991,199.7473755
113091,201.6842194
113302,196.7157898
113396,197.3894806
113498,203.2842102
113697,198.8210449
113808,194.6105347
113998,159.4947357
114098,155.2842102
114309,118.6526337
114403,130.5263214
114505,121.0105286
114705,108.1263123
114816,106.1894836
115006,111.6631622
115106,128.2526245
115308,192.084198
115407,197.0526276
115507,202.1894684
115707,199.0736847
115817,196.294754
116008,200.8421021
116108,201.9368439
116322,198.2315826
116409,198.4842072
116509,203.7052765
116710,199.9157867
116830,196.2105255
117010,200.6736908
117111,201.1789398
117330,196.8842163
117411,196.7157898
117512,189.4736786
117712,153.5157928
117844,111.4105377
118013,99.36842346
118113,107.957901
118339,120.7579041
118416,193.5157928
118517,202.4421082
118715,198.0631561
118818,196.378952
119016,201.2631531
119120,202.1052704
119343,197.3052673
119420,198.9052582
119623,202.6947479
119724,198.2315826
119825,196.378952
120024,200.9263153
120125,202.0210571
120325,197.2210541
120426,198.2315826
120626,200.2526245
120729,175.6631622
120832,152.2526245
121027,111.9157867
121134,110.1473694
121328,112.7579041
121428,129.9368439
121631,194.8631592
121731,197.9789581
121831,196.8842163
122032,200.5894775
122132,201.6000061
122333,195.5368347
122443,197.8105164
122637,201.7684174
122744,198.9052582
122845,196.8842163
123039,200.1684113
123139,201.1789398
123339,196.46315
123439,197.3052673
123640,201.9368439
123740,198.3999939
123840,193.5157928
124041,174.0631714
124143,154.1894684
124341,100.2947388
124447,108.9684296
124642,121.9368439
124745,164.4631653
124862,194.1894684
125043,200.0000153
125143,202.0210571
125343,196.7999878
125454,196.8842163
125645,201.2631531
125754,200.505249
125853,196.5473633
126047,197.7263184
126147,202.3579102
126348,196.8842163
126462,196.378952
126650,200.8421021
126759,199.0736847
126861,195.1999969
127055,198.6526489
127162,201.0947418
127357,194.3578949
127468,157.5578918
127657,170.0210571
127766,120.5052643
127869,117.1368408
128059,120
128169,115.0315857
128364,110.2315826
128534,151.7473755
128664,198.8210449
128765,201.3473816
128965,197.3894806
129065,197.8105164
129176,202.2736816
129366,198.5684204
129469,196.5473633
129668,201.0105438
129780,200.8421021
129970,196.1263123
130071,196.7157898
130177,201.8526154
130373,198.1473541
130474,196.378952
130674,199.7473755
130788,201.1789398
,
,nexus7-2013-haida
118212,271.9157715
6956,269.3052673
7157,267.1157837
7257,266.3579102
7457,272.7579041
7557,274.0210571
7758,269.9789429
7858,267.6210632
8059,267.8736877
8159,272.7579041
8359,275.1158142
8460,269.1368408
8661,268.9684143
8761,269.7263184
8961,274.3578796
9064,274.4421082
9262,268.5473633
9367,267.8736877
9563,268.4631653
9668,272.9263
9874,274.8631592
9993,268.7999878
10174,268.4631653
10376,268.5473633
10478,274.1894836
10679,272.7579041
10799,270.0631714
10979,267.4526367
11100,242.8631592
11281,163.7052612
11407,124.4631653
11583,113.0947418
11719,126.2315826
11887,129.6000061
11987,130.3578949
12191,131.1157837
12319,134.5684204
12493,135.578949
12593,134.5684204
12794,150.3999939
12919,192.9263306
13095,253.8105316
13196,268.8841858
13397,267.8736877
13508,273.0105286
13699,274.3578796
13812,267.7894592
14002,267.3684387
14115,269.9789429
14304,271.9157715
14419,274.7789612
14605,267.2842102
14722,267.4526367
14905,271.2420959
15030,273.0947571
15206,274.5263062
15317,268.3789673
15508,267.3684387
15626,274.7789612
15810,274.6947327
15910,272.2526245
16112,258.5263062
16242,100.0421143
16413,95.91578674
16536,126.4842072
16713,123.957901
16816,121.9368439
17015,124.2105255
17139,127.0736847
17315,129.0947418
17437,130.5263214
17618,197.2210541
17725,261.3894653
17922,268.7157898
18025,269.7263184
18224,268.8841858
18347,267.9578857
18525,266.6947327
18638,272.5894775
18827,273.8526306
19030,270.2315674
19151,267.5368347
19334,266.9473572
19453,273.0105286
19635,274.1894836
19756,270.7368469
19936,267.7052612
20043,208.4210663
20243,136.9263153
20365,129.0947418
20543,125.6421051
20664,126.9052734
20847,142.6526337
20950,155.957901
21148,151.1578979
21254,150.9052582
21451,205.8105316
21574,251.53685
21755,269.2210388
21875,270.5684204
22056,269.8947144
22177,267.1157837
22360,267.5368347
22462,274.4421082
22662,274.2736816
22777,267.7894592
22964,266.4421082
23088,269.9789429
23266,274.4421082
23389,272.421051
23567,243.3684235
23694,61.81053162
23873,54.73684692
23976,89.93684387
24174,119.6631622
24284,125.7263184
24474,127.8315887
24575,128.9263153
24782,137.0947418
24899,200.5894775
25084,228.2105255
25184,269.3894958
25385,269.4736938
25494,264.336853
25687,266.6105347
25796,272.2526245
25988,273.4315796
26098,271.2420959
26291,267.4526367
26392,267.5368347
26595,273.4315796
26695,274.3578796
26896,267.9578857
27005,266.9473572
27199,272.7579041
27307,272.505249
27501,252.1263123
27710,138.2736816
27804,86.3157959
28005,124.378952
28109,127.1578979
28305,127.4105377
28413,126.5684204
28606,156.1263123
28716,200.336853
28907,264.9263306
29019,262.3999939
29211,261.4736633
29338,270.4000244
29512,271.4105225
29625,269.6421204
29816,268.9684143
29926,267.7052612
30119,272.7579041
30228,275.2842102
30421,269.2210388
30521,267.7052612
30722,270.5684204
30841,272.9263
31022,272.7579041
31137,267.4526367
31324,266.7789612
31444,273.4315796
31626,274.0210571
31742,269.4736938
31927,269.2210388
32045,268.5473633
32231,269.3894958
32332,44.96842957
32532,11.70526123
32632,7.915786743
32844,12.96841431
32957,32.75790405
33139,104.7579041
33259,132.2105255
33442,156.2105255
33560,160.9263153
33742,174.5684052
33861,209.1789398
34043,228.7999878
34164,269.8105164
34344,274.0210571
34464,275.7894897
34645,268.9684143
34767,267.1157837
34948,271.9157715
35052,273.1789551
35251,273.4315796
35366,260.6315918
35552,68.29473877
35753,18.10527039
35887,15.57894897
36054,13.6421051
36182,39.15789795
36361,117.8947449
36461,131.4526367
36662,142.3157959
36779,144.7578888
36965,157.5578918
37067,186.1894836
37267,170.9473724
37367,248.9263153
37568,269.7263184
37681,267.0315857
37870,273.3473816
37984,273.8526306
38172,270.4000244
38290,269.3894958
38474,267.9578857
38575,273.1789551
38775,267.3684387
38875,148.378952
39077,36.80000305
39176,7.242111206
39376,4.547363281
39476,12.12631226
39677,39.41052246
39777,118.3157959
39977,124.9684296
40077,136.7578888
40278,145.6000061
40379,142.3157959
40579,138.2736816
40679,154.0210571
40879,167.2421112
40980,238.0631714
41180,271.4105225
41289,268.6315918
41481,272.8421021
41587,274.0210571
41781,269.0526428
41889,268.6315918
42082,269.1368408
42192,271.3263245
42382,218.7789459
42495,30.65263367
42683,9.768417358
42884,5.726318359
43084,12.63157654
43284,34.27368164
43384,116.2947388
43485,126.4842072
43685,146.8631592
43785,150.6526337
43986,149.8947296
44186,166.8210602
44287,171.621048
44487,244.8842163
44587,277.3052673
44788,270.4000244
44888,267.8736877
45088,270.3157959
45188,273.2631531
45389,274.6947327
45489,269.3894958
45690,266.1894531
45790,176.5052643
45990,20.96842957
46091,15.74737549
46291,19.03158569
46391,36.21052551
46591,110.9894714
46692,135.0736847
46892,155.1157837
46992,149.1368408
47193,156.2105255
47293,193.8526306
47493,178.2736664
47593,218.5263214
47794,270.0631714
47894,268.8841858
48094,272.5894775
48194,272.505249
48395,268.7157898
48495,267.7894592
48695,272.421051
48796,272.2526245
48996,272.8421021
49096,268.8841858
49296,267.4526367
49397,272.6736755
49597,273.9368286
49697,271.4105225
49898,268.7157898
49998,267.3684387
50198,273.0105286
50298,273.9368286
50499,269.4736938
50599,253.3052673
50799,157.3894806
50899,78.65263367
51100,71.57894897
51200,58.77894592
51400,51.45263672
51601,48.33683777
51701,48.58947754
51901,92.71578979
52002,202.6105194
52102,269.3052673
52302,274.3578796
52502,273.9368286
52603,273.8526306
52803,267.7052612
52903,268.4631653
53104,272.7579041
53204,273.8526306
53404,273.0105286
53504,268.8841858
53705,264.6737061
53805,175.2420959
54005,101.6421051
54106,97.76841736
54306,107.0315857
54406,96.08421326
54607,95.91578674
54707,90.52632141
54907,68.96842957
55007,157.8947296
55208,272.9263
55308,276.8000183
55508,275.7894897
55608,269.8105164
55809,268.9684143
55910,271.4105225
56109,274.1052856
56209,274.1894836
56410,268.5473633
56512,265.7684326
56710,220.4631653
56811,111.6631622
57011,73.26316833
57111,88.92631531
57311,80.92631531
57423,102.3157959
57612,97.26316833
57714,75.957901
57925,107.957901
58014,227.0315857
58214,274.9473572
58316,275.2000122
58516,271.3263245
58618,269.0526428
58818,267.7894592
58929,272.9263
59120,274.2736816
59223,268.7999878
59437,266.5263062
59522,270.6526184
59723,247.2421112
59824,188.2105408
60024,133.2210541
60124,120.8421021
60324,87.83158875
60525,60.37895203
60625,56.50526428
60825,59.87368774
60926,87.15789795
61126,193.0105286
61226,277.7263184
61426,269.7263184
61527,267.8736877
61728,269.8105164
62229,280
62355,28.54736328
62530,272.7579041
62631,273.2631531
62832,247.494751
62938,159.4105225
63138,83.03158569
63239,90.61053467
63439,91.28421021
63542,104
63742,104.2526398
63842,103.3263245
64043,106.1894836
64143,238.6526337
64344,269.6421204
64444,272.9263
64645,272.6736755
64746,270.5684204
64946,267.6210632
65047,267.3684387
65247,272.7579041
65348,274.0210571
65549,268.5473633
65749,266.8631592
65850,269.8947144
66051,272.505249
66151,272.336853
66352,267.8736877
66452,266.8631592
66653,272.5894775
66753,274.2736816
66954,269.7263184
67072,268.5473633
67255,267.8736877
67356,272.7579041
67565,274.7789612
67658,266.7789612
67859,265.7684326
67959,272.0842285
68160,271.1578979
68266,271.8315735
68466,268.0421143
68586,266.7789612
68768,273.9368286
68868,274.0210571
69089,267.7894592
69172,267.2842102
69373,269.8947144
69473,272.0842285
69673,270.7368469
69778,266.6105347
69979,266.3579102
70098,269.2210388
70283,263.6631775
70385,184.5894775
70603,90.18948364
70687,122.2736816
70887,126.2315826
70989,122.5263214
71189,112.0842133
71290,86.40000916
71491,243.115799
71592,274.4421082
71792,268.8841858
71892,266.7789612
72100,271.663147
72193,274.4421082
72393,269.3052673
72493,267.6210632
72694,270.1473694
72794,272.505249
72995,271.9157715
73105,266.1052551
73299,263.2420959
73500,268.3789673
73607,210.6947327
73801,218.0210419
73902,151.0736847
74108,135.4105225
74202,134.3999939
74402,130.4421082
74503,124.2947388
74703,132.4631653
74804,256.7578735
75005,273.6842041
75137,270.7368469
75306,268.9684143
75409,269.9789429
75634,272.336853
75711,274.1894836
75912,268.4631653
76014,265.9368286
76215,272.7579041
76317,274.3578796
76517,268.5473633
76644,263.4105225
76819,224.5052643
76924,220.4631653
77127,165.6421051
77223,134.5684204
77424,131.2842102
77524,129.4315796
77724,124.7157898
77825,121.7684174
78025,203.2842102
78129,267.7894592
78326,273.8526306
78646,269.4736938
78727,268.6315918
78928,270.6526184
79028,273.1789551
79229,273.9368286
79329,268.6315918
79531,267.1157837
79632,272.5894775
79830,272.505249
79931,264.084198
80132,250.6947327
80238,202.5263062
80433,194.1894684
80539,136.2526245
80734,135.578949
80839,128.5894775
81035,126.6526337
81143,124.8842163
81336,116.5473785
81441,266.7789612
81637,271.7473755
81839,272.505249
81939,272.2526245
82141,268.7999878
82257,267.3684387
82443,273.3473816
82555,273.8526306
82743,268.6315918
82844,267.2842102
83047,271.1578979
83147,273.3473816
83348,272.2526245
83464,266.1052551
83652,263.4947205
83752,210.5263214
83953,213.0526276
84054,156.6315765
84254,128.0842133
84366,128.5052643
84555,127.3263245
84661,124.5473785
84856,124.0421143
84956,238.4842072
85157,273.2631531
85269,274.2736816
85458,268.2105103
85558,266.9473572
85759,274.1894836
85870,273.4315796
86060,270.6526184
86163,268.6315918
86370,270.7368469
86471,272.5894775
86672,274.4421082
86778,268.5473633
86972,267.3684387
87073,272.2526245
87273,275.2842102
87373,268.7157898
87574,267.0315857
87674,271.663147
87875,273.5157776
87986,271.2420959
88178,268.7157898
88292,268.5473633
88480,273.2631531
88590,273.9368286
88788,267.6210632
88892,267.4526367
89084,273.6842041
89185,275.8736877
89386,268.7157898
89486,267.0315857
89688,273.9368286
89788,275.4526367
89992,269.5578918
90193,267.7052612
90308,271.8315735
90495,273.7684326
90608,269.5578918
90800,264
90910,166.7368469
91104,48.75790405
91215,78.82106018
91405,74.52632141
91511,57.51579285
91808,118.7368469
92008,123.6210632
92121,202.5263062
92319,273.0105286
92419,274.4421082
92618,268.4631653
92718,266.9473572
92919,274.1894836
93034,274.7789612
93220,269.8105164
93325,268.7157898
93525,271.4105225
93630,272.5894775
93826,272.2526245
93934,267.4526367
94227,272.6736755
94428,263.7473755
94539,166.3157959
94731,53.30526733
94831,42.86315918
95032,55.07368469
95146,60.04211426
95333,63.49473572
95433,123.7052612
95634,126.2315826
95738,148.4631653
95935,251.2000122
96035,269.0526428
96236,272.5894775
96345,274.0210571
96537,269.0526428
96638,267.1157837
96838,274.6947327
96948,276.1263123
97139,268.9684143
97240,267.1999817
97440,272.336853
97544,274.7789612
97742,270.5684204
97856,268.2105103
98044,269.9789429
98155,271.9157715
98347,271.494751
98548,266.0210571
98662,229.7263184
98852,134.4842072
98952,44.29473877
99153,44.37895203
99253,45.97894287
99454,50.18946838
99554,71.15789795
99756,117.2210541
99856,126.5684204
100062,228.7157898
100170,273.4315796
100363,269.5578918
100464,268.4631653
100664,270.0631714
100779,272.5894775
100967,272.7579041
101077,268.7999878
101270,266.6105347
101386,272.7579041
101572,274.1052856
101684,268.9684143
101874,266.7789612
101986,273.4315796
102178,274.8631592
102288,267.2842102
102479,264.168396
102579,252.3789368
102781,166.7368469
102908,72.84210205
103082,42.10527039
103193,42.3578949
103388,43.70526123
103488,52.29473877
103688,98.27368164
103804,124.9684296
103994,167.6631622
104099,272.505249
104295,268.4631653
104396,267.9578857
104596,273.1789551
104714,273.5999756
104897,268.5473633
105012,264.2526245
105198,272.5894775
105317,275.1158142
105499,268.2105103
105802,272.6736755
105907,273.7684326
106103,267.1999817
106223,253.2210693
106404,156.378952
106605,79.49473572
106729,112.5052643
106906,116.2947388
107006,118.7368469
107209,119.4947357
107318,121.1789551
107509,124.9684296
107622,161.1789398
107810,272.6736755
107935,274.2736816
108114,268.5473633
108215,266.8631592
108416,273.7684326
108517,275.1158142
108718,268.0421143
108830,267.3684387
109023,274.1052856
109123,274.5263062
109325,269.3894958
109425,267.8736877
109626,274.1894836
109728,274.6105042
109929,268.9684143
110030,267.6210632
110231,272.505249
110342,274.8631592
110534,268.7999878
110635,267.8736877
110836,272.336853
110950,274.6105042
111137,270.0631714
111248,269.1368408
111441,271.4105225
111552,273.6842041
111744,269.4736938
111853,268.1263123
112046,271.494751
112154,273.8526306
112347,270.8210449
112447,268.8841858
112647,270.1473694
112748,272.5894775
112948,272.8421021
113048,269.3894958
113250,267.2842102
113364,273.5999756
113551,273.2631531
113652,265.0105286
113852,225.6842041
113980,207.9157715
114153,150.8210602
114354,158.9894714
114481,155.621048
114656,147.7894745
114781,143.9157867
114956,142.3999939
115062,137.2631531
115261,126.9894714
115384,93.13684082
115561,29.72631836
115665,17.17895508
115866,8.589477539
115988,29.55789185
116167,176.7579041
116292,269.3052673
116469,269.5578918
116575,274.2736816
116772,273.0105286
116896,268.9684143
117077,269.7263184
117179,272.5894775
117378,270.5684204
117505,252.7157745
117680,198.7368469
117800,190.2315826
117981,139.0315857
118107,133.6421051
118286,123.115799
118386,81.01052856
118587,28.63157654
118713,15.57894897
118892,15.07368469
118992,44.71578979
119193,249.8526459
119317,269.5578918
119496,268.1263123
119597,273.3473816
119800,273.9368286
119901,268.7999878
120102,267.6210632
120209,272.505249
120402,272.5894775
120506,264.9263306
120703,218.5263214
120814,210.9473572
121005,164.2947388
121113,132.378952
121308,131.7052612
121410,125.0526428
121613,84.37895203
121725,31.07368469
121913,14.90525818
122114,8.673690796
122214,10.61051941
122415,24.33683777
122515,208.9263
122719,266.7789612
122822,273.1789551
123022,274.5263062
123132,267.7052612
123325,266.6947327
123434,273.1789551
123626,274.1052856
123726,266.2736816
123930,260.4631348
124030,205.4736786
124231,213.9789429
124342,148.1263123
124533,134.5684204
124646,129.2631531
124836,113.6842194
124949,47.91578674
125137,20.54736328
125245,16.6736908
125438,12.21052551
125555,22.3157959
125743,147.2842102
125851,266.4421082
126044,273.1789551
126158,273.8526306
126347,268.8841858
126448,267.2842102
126653,273.6842041
126762,273.9368286
126954,266.6105347
127068,264.7579041
127255,269.8105164
127365,231.2421112
127559,216.9263153
127660,197.6421204
127862,150.6526337
127962,152.6736908
128164,145.3473663
128266,140.2947388
128465,129.6842041
128565,73.76841736
128766,27.957901
129067,25.34736633
129270,44.71578979
129385,203.8736725
129487,268.8841858
129674,271.3263245
129875,273.5157776
129990,271.578949
130180,268.6315918
130293,268.3789673
130482,273.3473816
130582,273.5999756
